CVE-2025-0001,0.00104
CVE-2025-0014,0.00012
CVE-2025-0015,0.0002
CVE-2025-0050,0.00017
CVE-2025-0053,0.00051
CVE-2025-0054,0.00036
CVE-2025-0055,0.00017
CVE-2025-0056,0.00017
CVE-2025-0057,0.00034
CVE-2025-0058,0.00038
CVE-2025-0059,0.00017
CVE-2025-0060,0.00045
CVE-2025-0061,0.00075
CVE-2025-0062,0.00039
CVE-2025-0063,0.00078
CVE-2025-0064,0.00041
CVE-2025-0065,0.00105
CVE-2025-0066,0.00057
CVE-2025-0067,0.00046
CVE-2025-0068,0.00034
CVE-2025-0069,0.0002
CVE-2025-0070,0.00104
CVE-2025-0071,0.0004
CVE-2025-0101,0.00044
CVE-2025-0103,0.00045
CVE-2025-0104,0.00064
CVE-2025-0105,0.002
CVE-2025-0106,0.0008
CVE-2025-0107,0.2724
CVE-2025-0108,0.93762
CVE-2025-0109,0.00165
CVE-2025-0110,0.00903
CVE-2025-0111,0.05618
CVE-2025-0112,0.00018
CVE-2025-0113,0.00032
CVE-2025-0114,0.00043
CVE-2025-0115,0.00026
CVE-2025-0116,0.00028
CVE-2025-0117,0.0002
CVE-2025-0118,0.00099
CVE-2025-0119,0.00464
CVE-2025-0120,0.00017
CVE-2025-0121,0.00016
CVE-2025-0122,0.00018
CVE-2025-0123,9e-05
CVE-2025-0124,0.00082
CVE-2025-0125,0.00057
CVE-2025-0126,0.00054
CVE-2025-0127,0.00178
CVE-2025-0128,0.00026
CVE-2025-0129,0.00054
CVE-2025-0142,0.00017
CVE-2025-0143,0.00054
CVE-2025-0144,0.00039
CVE-2025-0145,0.00015
CVE-2025-0146,0.00015
CVE-2025-0147,0.00074
CVE-2025-0148,0.00017
CVE-2025-0149,0.00025
CVE-2025-0150,0.00044
CVE-2025-0151,0.0005
CVE-2025-0154,0.00048
CVE-2025-0158,0.00019
CVE-2025-0159,0.002
CVE-2025-0160,0.00144
CVE-2025-0161,0.00025
CVE-2025-0162,0.00136
CVE-2025-0167,0.00066
CVE-2025-0168,0.0004
CVE-2025-0169,0.00019
CVE-2025-0170,0.00095
CVE-2025-0171,0.00052
CVE-2025-0172,0.00052
CVE-2025-0173,0.00049
CVE-2025-0174,0.00052
CVE-2025-0175,0.00059
CVE-2025-0176,0.00049
CVE-2025-0177,0.00094
CVE-2025-0178,0.00117
CVE-2025-0180,0.00073
CVE-2025-0181,0.00135
CVE-2025-0182,0.00059
CVE-2025-0183,0.00032
CVE-2025-0184,0.00035
CVE-2025-0185,0.00271
CVE-2025-0187,0.00091
CVE-2025-0188,0.00039
CVE-2025-0189,0.00057
CVE-2025-0190,0.00057
CVE-2025-0191,0.00046
CVE-2025-0192,0.00032
CVE-2025-0193,0.00058
CVE-2025-0194,0.00018
CVE-2025-0195,0.00049
CVE-2025-0196,0.00052
CVE-2025-0197,0.00049
CVE-2025-0198,0.00049
CVE-2025-0199,0.00052
CVE-2025-0200,0.00052
CVE-2025-0201,0.00052
CVE-2025-0202,0.00034
CVE-2025-0203,0.00086
CVE-2025-0204,0.00086
CVE-2025-0205,0.00088
CVE-2025-0206,0.00078
CVE-2025-0207,0.0006
CVE-2025-0208,0.00064
CVE-2025-0210,0.00062
CVE-2025-0211,0.00123
CVE-2025-0212,0.00088
CVE-2025-0213,0.00106
CVE-2025-0214,0.00061
CVE-2025-0215,0.00189
CVE-2025-0218,0.0002
CVE-2025-0219,0.00065
CVE-2025-0220,0.00069
CVE-2025-0221,0.00027
CVE-2025-0222,0.00027
CVE-2025-0223,0.00027
CVE-2025-0224,0.0007
CVE-2025-0225,0.00082
CVE-2025-0226,0.00055
CVE-2025-0227,0.00055
CVE-2025-0228,0.00077
CVE-2025-0229,0.00062
CVE-2025-0230,0.00062
CVE-2025-0231,0.00064
CVE-2025-0232,0.00084
CVE-2025-0233,0.00086
CVE-2025-0234,0.00058
CVE-2025-0235,0.00058
CVE-2025-0236,0.00058
CVE-2025-0237,0.00074
CVE-2025-0238,0.00166
CVE-2025-0239,0.00041
CVE-2025-0240,0.00032
CVE-2025-0241,0.00134
CVE-2025-0242,0.00155
CVE-2025-0243,0.00038
CVE-2025-0244,0.00064
CVE-2025-0245,0.0005
CVE-2025-0246,0.00046
CVE-2025-0247,0.00129
CVE-2025-0254,0.00031
CVE-2025-0255,0.00177
CVE-2025-0256,0.00036
CVE-2025-0257,0.00084
CVE-2025-0272,0.00037
CVE-2025-0273,0.00016
CVE-2025-0278,0.00035
CVE-2025-0279,0.00035
CVE-2025-0281,0.00033
CVE-2025-0282,0.92861
CVE-2025-0283,0.0008
CVE-2025-0285,0.00056
CVE-2025-0286,0.00088
CVE-2025-0287,0.00081
CVE-2025-0288,0.00056
CVE-2025-0289,0.00056
CVE-2025-0290,0.00021
CVE-2025-0291,0.00395
CVE-2025-0294,0.0005
CVE-2025-0295,0.00055
CVE-2025-0296,0.0004
CVE-2025-0297,0.0005
CVE-2025-0298,0.00045
CVE-2025-0299,0.00045
CVE-2025-0300,0.0005
CVE-2025-0301,0.00041
CVE-2025-0302,0.00017
CVE-2025-0303,0.0002
CVE-2025-0304,0.00019
CVE-2025-0306,0.00089
CVE-2025-0308,0.00181
CVE-2025-0311,0.0007
CVE-2025-0312,0.0006
CVE-2025-0313,0.00055
CVE-2025-0314,0.0005
CVE-2025-0315,0.0006
CVE-2025-0316,0.00329
CVE-2025-0317,0.0006
CVE-2025-0318,0.00046
CVE-2025-0321,0.00037
CVE-2025-0327,0.00018
CVE-2025-0328,0.0741
CVE-2025-0330,0.00045
CVE-2025-0331,0.00049
CVE-2025-0332,0.00049
CVE-2025-0333,0.00047
CVE-2025-0334,0.00047
CVE-2025-0335,0.00054
CVE-2025-0336,0.00052
CVE-2025-0337,0.00033
CVE-2025-0339,0.0004
CVE-2025-0340,0.00045
CVE-2025-0341,0.00051
CVE-2025-0342,0.00041
CVE-2025-0343,0.00046
CVE-2025-0344,0.00042
CVE-2025-0345,0.00047
CVE-2025-0346,0.00049
CVE-2025-0347,0.00044
CVE-2025-0348,0.00047
CVE-2025-0349,0.00192
CVE-2025-0350,0.00045
CVE-2025-0352,0.00047
CVE-2025-0353,0.00093
CVE-2025-0354,0.00039
CVE-2025-0355,0.00104
CVE-2025-0356,0.00065
CVE-2025-0357,0.00292
CVE-2025-0359,0.00017
CVE-2025-0360,0.00014
CVE-2025-0361,0.00032
CVE-2025-0362,0.0001
CVE-2025-0364,0.01831
CVE-2025-0365,0.01018
CVE-2025-0366,0.01218
CVE-2025-0367,0.00054
CVE-2025-0368,0.00058
CVE-2025-0369,0.00044
CVE-2025-0370,0.00036
CVE-2025-0371,0.00034
CVE-2025-0373,0.0009
CVE-2025-0374,0.00041
CVE-2025-0376,0.00046
CVE-2025-0377,0.00073
CVE-2025-0390,0.00067
CVE-2025-0391,0.00052
CVE-2025-0392,0.00038
CVE-2025-0393,0.0002
CVE-2025-0394,0.00517
CVE-2025-0395,0.00211
CVE-2025-0396,0.00222
CVE-2025-0397,0.00047
CVE-2025-0398,0.00051
CVE-2025-0399,0.00062
CVE-2025-0400,0.0005
CVE-2025-0401,0.00078
CVE-2025-0402,0.00057
CVE-2025-0403,0.00056
CVE-2025-0404,0.00044
CVE-2025-0405,0.00044
CVE-2025-0406,0.00044
CVE-2025-0407,0.00044
CVE-2025-0408,0.00044
CVE-2025-0409,0.00044
CVE-2025-0410,0.00044
CVE-2025-0411,0.33792
CVE-2025-0412,0.00074
CVE-2025-0413,0.00028
CVE-2025-0415,0.00199
CVE-2025-0416,0.00032
CVE-2025-0417,0.0002
CVE-2025-0418,0.00011
CVE-2025-0422,0.00136
CVE-2025-0423,0.00198
CVE-2025-0424,0.00113
CVE-2025-0425,0.00015
CVE-2025-0426,0.00031
CVE-2025-0428,0.00232
CVE-2025-0429,0.00232
CVE-2025-0430,0.00165
CVE-2025-0431,0.0003
CVE-2025-0432,5e-05
CVE-2025-0433,0.00039
CVE-2025-0434,0.00172
CVE-2025-0435,0.00067
CVE-2025-0436,0.00172
CVE-2025-0437,0.00083
CVE-2025-0438,0.00168
CVE-2025-0439,0.00066
CVE-2025-0440,0.00083
CVE-2025-0441,0.00083
CVE-2025-0442,0.00083
CVE-2025-0443,0.00203
CVE-2025-0444,0.00236
CVE-2025-0445,0.00284
CVE-2025-0446,0.00073
CVE-2025-0447,0.00203
CVE-2025-0448,0.0009
CVE-2025-0450,0.00038
CVE-2025-0451,0.00228
CVE-2025-0452,0.00093
CVE-2025-0453,0.00057
CVE-2025-0454,0.00045
CVE-2025-0455,0.00314
CVE-2025-0456,0.00325
CVE-2025-0457,0.00714
CVE-2025-0458,0.00046
CVE-2025-0459,0.00021
CVE-2025-0460,0.00069
CVE-2025-0461,0.00072
CVE-2025-0462,0.00042
CVE-2025-0463,0.00053
CVE-2025-0464,0.0004
CVE-2025-0465,0.00063
CVE-2025-0466,0.00062
CVE-2025-0468,0.00015
CVE-2025-0469,0.00034
CVE-2025-0470,0.00123
CVE-2025-0471,0.0012
CVE-2025-0472,0.00052
CVE-2025-0473,0.00042
CVE-2025-0474,0.00043
CVE-2025-0475,0.00138
CVE-2025-0476,0.00065
CVE-2025-0477,0.00032
CVE-2025-0478,0.00013
CVE-2025-0479,0.0006
CVE-2025-0480,0.00042
CVE-2025-0481,0.00082
CVE-2025-0482,0.00074
CVE-2025-0483,0.00047
CVE-2025-0484,0.00043
CVE-2025-0485,0.00039
CVE-2025-0486,0.00042
CVE-2025-0487,0.00041
CVE-2025-0488,0.00044
CVE-2025-0489,0.00044
CVE-2025-0490,0.00044
CVE-2025-0491,0.00038
CVE-2025-0492,0.00179
CVE-2025-0493,0.00204
CVE-2025-0495,0.00019
CVE-2025-0497,0.00016
CVE-2025-0498,0.00016
CVE-2025-0500,0.00061
CVE-2025-0501,0.00061
CVE-2025-0502,0.00061
CVE-2025-0503,0.00039
CVE-2025-0506,0.00034
CVE-2025-0507,0.00044
CVE-2025-0508,0.00035
CVE-2025-0509,0.00033
CVE-2025-0510,0.00047
CVE-2025-0511,0.00141
CVE-2025-0512,0.00036
CVE-2025-0513,0.0006
CVE-2025-0514,0.00059
CVE-2025-0515,0.00034
CVE-2025-0516,0.00012
CVE-2025-0518,0.00068
CVE-2025-0521,0.00129
CVE-2025-0522,0.00039
CVE-2025-0525,0.00052
CVE-2025-0526,0.00048
CVE-2025-0527,0.00044
CVE-2025-0528,0.0039
CVE-2025-0529,0.00022
CVE-2025-0530,0.00121
CVE-2025-0531,0.00038
CVE-2025-0532,0.00042
CVE-2025-0533,0.00055
CVE-2025-0534,0.00055
CVE-2025-0535,0.00042
CVE-2025-0536,0.0004
CVE-2025-0537,0.00055
CVE-2025-0538,0.00047
CVE-2025-0539,0.00053
CVE-2025-0540,0.0004
CVE-2025-0541,0.0004
CVE-2025-0542,0.00022
CVE-2025-0543,0.00017
CVE-2025-0545,0.00059
CVE-2025-0554,0.00037
CVE-2025-0555,0.00076
CVE-2025-0556,0.00163
CVE-2025-0557,0.00046
CVE-2025-0558,0.00042
CVE-2025-0559,0.00041
CVE-2025-0560,0.00041
CVE-2025-0561,0.00045
CVE-2025-0562,0.00045
CVE-2025-0563,0.00045
CVE-2025-0564,0.00044
CVE-2025-0565,0.00048
CVE-2025-0566,0.0008
CVE-2025-0567,0.00018
CVE-2025-0568,0.00568
CVE-2025-0569,0.00568
CVE-2025-0570,0.00453
CVE-2025-0571,0.00415
CVE-2025-0572,0.04473
CVE-2025-0573,0.06628
CVE-2025-0574,0.00461
CVE-2025-0575,0.00028
CVE-2025-0576,0.00046
CVE-2025-0578,0.00041
CVE-2025-0579,0.00051
CVE-2025-0580,0.00066
CVE-2025-0581,0.00041
CVE-2025-0582,0.00049
CVE-2025-0583,0.00051
CVE-2025-0584,0.0004
CVE-2025-0585,0.00176
CVE-2025-0586,0.00395
CVE-2025-0587,0.00013
CVE-2025-0588,0.00059
CVE-2025-0589,0.0016
CVE-2025-0590,0.00053
CVE-2025-0591,0.00019
CVE-2025-0592,0.00056
CVE-2025-0593,0.00141
CVE-2025-0595,0.00034
CVE-2025-0596,0.00034
CVE-2025-0598,0.00034
CVE-2025-0599,0.00034
CVE-2025-0600,0.00034
CVE-2025-0601,0.00034
CVE-2025-0604,0.00076
CVE-2025-0611,0.00168
CVE-2025-0612,0.00168
CVE-2025-0613,0.00084
CVE-2025-0614,0.00075
CVE-2025-0615,0.00075
CVE-2025-0617,0.00118
CVE-2025-0619,0.00049
CVE-2025-0622,0.00043
CVE-2025-0624,0.01152
CVE-2025-0625,0.00043
CVE-2025-0626,0.00118
CVE-2025-0628,0.00035
CVE-2025-0629,0.00032
CVE-2025-0630,0.00044
CVE-2025-0631,0.00027
CVE-2025-0633,0.00021
CVE-2025-0635,0.00108
CVE-2025-0637,0.00102
CVE-2025-0638,0.0012
CVE-2025-0648,0.00053
CVE-2025-0650,0.0028
CVE-2025-0651,0.00018
CVE-2025-0652,0.00014
CVE-2025-0655,0.66165
CVE-2025-0659,0.00053
CVE-2025-0660,0.00193
CVE-2025-0661,0.00032
CVE-2025-0662,0.00047
CVE-2025-0665,0.00986
CVE-2025-0674,0.00324
CVE-2025-0675,0.00048
CVE-2025-0676,0.00477
CVE-2025-0677,0.00037
CVE-2025-0678,0.00017
CVE-2025-0680,0.00167
CVE-2025-0681,0.00018
CVE-2025-0682,0.00131
CVE-2025-0683,0.00053
CVE-2025-0684,0.00035
CVE-2025-0685,0.00035
CVE-2025-0686,0.00035
CVE-2025-0689,0.00028
CVE-2025-0690,0.00048
CVE-2025-0692,0.00037
CVE-2025-0693,0.00047
CVE-2025-0694,0.00038
CVE-2025-0695,0.00058
CVE-2025-0696,0.00058
CVE-2025-0697,0.00069
CVE-2025-0698,0.00044
CVE-2025-0699,0.00044
CVE-2025-0700,0.00037
CVE-2025-0701,0.00037
CVE-2025-0702,0.00047
CVE-2025-0703,0.00053
CVE-2025-0704,0.0006
CVE-2025-0705,0.00039
CVE-2025-0706,0.00048
CVE-2025-0707,0.0002
CVE-2025-0708,0.00041
CVE-2025-0709,0.00048
CVE-2025-0710,0.00039
CVE-2025-0714,0.00018
CVE-2025-0717,0.0003
CVE-2025-0718,0.00031
CVE-2025-0719,0.00068
CVE-2025-0720,0.00019
CVE-2025-0721,0.00043
CVE-2025-0722,0.00049
CVE-2025-0723,0.00034
CVE-2025-0724,0.001
CVE-2025-0725,0.00482
CVE-2025-0726,0.00033
CVE-2025-0727,0.00033
CVE-2025-0728,0.00033
CVE-2025-0729,0.00038
CVE-2025-0730,0.00078
CVE-2025-0731,0.00097
CVE-2025-0732,0.00015
CVE-2025-0733,0.00015
CVE-2025-0734,0.00065
CVE-2025-0736,0.00019
CVE-2025-0739,0.00047
CVE-2025-0740,0.00047
CVE-2025-0741,0.00042
CVE-2025-0742,0.00042
CVE-2025-0743,0.00042
CVE-2025-0744,0.00041
CVE-2025-0745,0.0005
CVE-2025-0746,0.0004
CVE-2025-0747,0.00051
CVE-2025-0748,0.00013
CVE-2025-0749,0.00131
CVE-2025-0750,0.00027
CVE-2025-0751,0.00041
CVE-2025-0752,0.00056
CVE-2025-0753,0.00038
CVE-2025-0754,0.0004
CVE-2025-0755,0.00019
CVE-2025-0759,0.00012
CVE-2025-0760,0.00021
CVE-2025-0762,0.00276
CVE-2025-0764,0.00066
CVE-2025-0767,0.00065
CVE-2025-0769,0.00065
CVE-2025-0781,0.00028
CVE-2025-0783,0.00055
CVE-2025-0784,0.00023
CVE-2025-0785,0.00041
CVE-2025-0786,0.0004
CVE-2025-0787,0.00041
CVE-2025-0788,0.0004
CVE-2025-0789,0.0004
CVE-2025-0790,0.00041
CVE-2025-0791,0.0004
CVE-2025-0792,0.0004
CVE-2025-0793,0.0004
CVE-2025-0794,0.00044
CVE-2025-0795,0.00041
CVE-2025-0796,0.00015
CVE-2025-0797,0.00013
CVE-2025-0798,0.00335
CVE-2025-0799,0.00071
CVE-2025-0800,0.0004
CVE-2025-0801,0.00016
CVE-2025-0802,0.00044
CVE-2025-0803,0.00061
CVE-2025-0804,0.00038
CVE-2025-0805,0.0004
CVE-2025-0806,0.00053
CVE-2025-0807,0.00014
CVE-2025-0808,0.00015
CVE-2025-0809,0.00141
CVE-2025-0810,0.0002
CVE-2025-0811,0.00018
CVE-2025-0813,0.00033
CVE-2025-0814,0.00086
CVE-2025-0815,0.00034
CVE-2025-0816,0.00034
CVE-2025-0817,0.00178
CVE-2025-0820,0.00044
CVE-2025-0821,0.00044
CVE-2025-0822,0.00065
CVE-2025-0823,0.00063
CVE-2025-0825,0.00068
CVE-2025-0826,0.00034
CVE-2025-0827,0.00034
CVE-2025-0828,0.00034
CVE-2025-0829,0.00034
CVE-2025-0830,0.00034
CVE-2025-0832,0.00034
CVE-2025-0833,0.00034
CVE-2025-0834,0.00016
CVE-2025-0835,0.00015
CVE-2025-0837,0.00026
CVE-2025-0838,0.00073
CVE-2025-0839,0.0003
CVE-2025-0840,0.00093
CVE-2025-0841,0.0006
CVE-2025-0842,0.00044
CVE-2025-0843,0.00042
CVE-2025-0844,0.00041
CVE-2025-0845,0.00026
CVE-2025-0846,0.00044
CVE-2025-0847,0.00044
CVE-2025-0848,0.00204
CVE-2025-0849,0.00046
CVE-2025-0851,0.01387
CVE-2025-0858,0.00028
CVE-2025-0859,0.00073
CVE-2025-0860,0.00129
CVE-2025-0861,0.00065
CVE-2025-0862,0.0005
CVE-2025-0863,0.0004
CVE-2025-0864,0.00097
CVE-2025-0865,0.00025
CVE-2025-0866,0.00042
CVE-2025-0867,0.00121
CVE-2025-0868,0.28151
CVE-2025-0869,0.00046
CVE-2025-0870,0.00049
CVE-2025-0871,0.00041
CVE-2025-0872,0.00038
CVE-2025-0873,0.0004
CVE-2025-0874,0.0004
CVE-2025-0877,0.00054
CVE-2025-0880,0.00033
CVE-2025-0881,0.00034
CVE-2025-0882,0.00036
CVE-2025-0883,0.0005
CVE-2025-0884,0.00015
CVE-2025-0889,0.00017
CVE-2025-0890,0.00101
CVE-2025-0893,0.00022
CVE-2025-0895,0.00018
CVE-2025-0896,0.00097
CVE-2025-0897,0.00042
CVE-2025-0899,0.00114
CVE-2025-0900,0.00021
CVE-2025-0901,0.00114
CVE-2025-0902,0.00054
CVE-2025-0903,0.00101
CVE-2025-0904,0.00054
CVE-2025-0905,0.00054
CVE-2025-0906,0.00054
CVE-2025-0907,0.00054
CVE-2025-0908,0.00054
CVE-2025-0909,0.00054
CVE-2025-0910,0.00143
CVE-2025-0911,0.00054
CVE-2025-0912,0.01931
CVE-2025-0914,0.00035
CVE-2025-0916,0.00141
CVE-2025-0918,0.0019
CVE-2025-0924,0.21345
CVE-2025-0929,0.00277
CVE-2025-0930,0.00038
CVE-2025-0934,0.00036
CVE-2025-0935,0.00043
CVE-2025-0937,0.00035
CVE-2025-0938,0.01024
CVE-2025-0939,0.00044
CVE-2025-0941,0.00034
CVE-2025-0942,0.0007
CVE-2025-0943,0.0004
CVE-2025-0944,0.00056
CVE-2025-0945,0.00056
CVE-2025-0946,0.00056
CVE-2025-0947,0.00042
CVE-2025-0948,0.00052
CVE-2025-0949,0.00052
CVE-2025-0950,0.00052
CVE-2025-0952,0.0004
CVE-2025-0953,0.0019
CVE-2025-0954,0.00051
CVE-2025-0955,0.00073
CVE-2025-0956,0.00169
CVE-2025-0957,0.00208
CVE-2025-0958,0.00062
CVE-2025-0959,0.00032
CVE-2025-0960,0.00378
CVE-2025-0961,0.00044
CVE-2025-0967,0.00038
CVE-2025-0968,0.00055
CVE-2025-0970,0.00038
CVE-2025-0971,0.00035
CVE-2025-0972,0.00038
CVE-2025-0973,0.00113
CVE-2025-0974,0.00068
CVE-2025-0975,0.00099
CVE-2025-0981,0.00033
CVE-2025-0982,0.00088
CVE-2025-0985,0.0003
CVE-2025-0986,0.00019
CVE-2025-0990,0.00013
CVE-2025-0994,0.72392
CVE-2025-0995,0.00169
CVE-2025-0996,0.00078
CVE-2025-0997,0.00083
CVE-2025-0999,0.00099
CVE-2025-1001,4e-05
CVE-2025-1002,0.00012
CVE-2025-1003,0.00025
CVE-2025-1004,0.00058
CVE-2025-1005,0.00042
CVE-2025-1006,0.00127
CVE-2025-1007,0.00059
CVE-2025-1008,0.00038
CVE-2025-1009,0.0019
CVE-2025-1010,0.00138
CVE-2025-1011,0.00101
CVE-2025-1012,0.00138
CVE-2025-1013,0.00081
CVE-2025-1014,0.0005
CVE-2025-1015,0.22792
CVE-2025-1016,0.0019
CVE-2025-1017,0.00153
CVE-2025-1018,0.00059
CVE-2025-1019,0.00054
CVE-2025-1020,0.00134
CVE-2025-1022,0.00095
CVE-2025-1023,0.00088
CVE-2025-1024,0.00037
CVE-2025-1025,0.10001
CVE-2025-1026,0.00099
CVE-2025-1028,0.00217
CVE-2025-1035,0.35291
CVE-2025-1039,0.00183
CVE-2025-1040,0.0045
CVE-2025-1042,0.00018
CVE-2025-1043,0.00032
CVE-2025-1044,0.00681
CVE-2025-1052,0.00193
CVE-2025-1053,0.00012
CVE-2025-1057,0.00041
CVE-2025-1058,0.00027
CVE-2025-1059,0.00062
CVE-2025-1060,0.00024
CVE-2025-1061,0.00263
CVE-2025-1062,0.00031
CVE-2025-1063,0.00062
CVE-2025-1064,0.00034
CVE-2025-1065,0.00038
CVE-2025-1066,0.00071
CVE-2025-1067,0.00016
CVE-2025-1068,0.00018
CVE-2025-1070,0.00061
CVE-2025-1071,0.0006
CVE-2025-1072,0.00126
CVE-2025-1073,0.00023
CVE-2025-1074,0.00024
CVE-2025-1075,0.0002
CVE-2025-1076,0.00036
CVE-2025-1077,0.00422
CVE-2025-1078,0.0002
CVE-2025-1080,0.00055
CVE-2025-1081,0.00031
CVE-2025-1082,0.00044
CVE-2025-1083,0.00024
CVE-2025-1084,0.00024
CVE-2025-1085,0.00046
CVE-2025-1086,0.00093
CVE-2025-1091,0.00032
CVE-2025-1094,0.84403
CVE-2025-1095,0.00015
CVE-2025-1097,0.06365
CVE-2025-1098,0.32142
CVE-2025-1099,0.00025
CVE-2025-1100,0.00235
CVE-2025-1101,0.00111
CVE-2025-1102,9e-05
CVE-2025-1103,0.00142
CVE-2025-1104,0.00355
CVE-2025-1105,0.00046
CVE-2025-1106,0.00084
CVE-2025-1107,0.00075
CVE-2025-1108,0.00023
CVE-2025-1113,0.00057
CVE-2025-1114,0.0004
CVE-2025-1115,0.00023
CVE-2025-1116,0.00051
CVE-2025-1117,0.00064
CVE-2025-1118,0.00019
CVE-2025-1119,0.00156
CVE-2025-1121,0.00011
CVE-2025-1122,8e-05
CVE-2025-1125,0.00039
CVE-2025-1126,0.00026
CVE-2025-1127,0.00085
CVE-2025-1128,0.008
CVE-2025-1132,0.00033
CVE-2025-1133,0.00048
CVE-2025-1134,0.00082
CVE-2025-1135,0.00082
CVE-2025-1143,0.0002
CVE-2025-1144,0.00103
CVE-2025-1145,0.00067
CVE-2025-1146,0.00034
CVE-2025-1147,0.00123
CVE-2025-1148,0.00132
CVE-2025-1149,0.00059
CVE-2025-1150,0.00059
CVE-2025-1151,0.00059
CVE-2025-1152,0.00059
CVE-2025-1153,0.00125
CVE-2025-1154,0.00042
CVE-2025-1155,0.00051
CVE-2025-1156,0.00048
CVE-2025-1157,0.00039
CVE-2025-1158,0.00047
CVE-2025-1159,0.0006
CVE-2025-1160,0.00059
CVE-2025-1162,0.00044
CVE-2025-1163,0.00167
CVE-2025-1164,0.00022
CVE-2025-1165,0.00069
CVE-2025-1166,0.00057
CVE-2025-1167,0.00044
CVE-2025-1168,0.00046
CVE-2025-1169,0.0004
CVE-2025-1170,0.00039
CVE-2025-1171,0.00039
CVE-2025-1172,0.0004
CVE-2025-1173,0.00038
CVE-2025-1174,0.0004
CVE-2025-1175,0.0004
CVE-2025-1176,0.00107
CVE-2025-1177,0.00062
CVE-2025-1178,0.00138
CVE-2025-1179,0.00107
CVE-2025-1180,0.00098
CVE-2025-1181,0.00106
CVE-2025-1182,0.001
CVE-2025-1183,0.0004
CVE-2025-1184,0.00047
CVE-2025-1185,0.00047
CVE-2025-1186,0.0006
CVE-2025-1187,0.00023
CVE-2025-1188,0.00045
CVE-2025-1189,0.00038
CVE-2025-1190,0.00036
CVE-2025-1191,0.00056
CVE-2025-1192,0.00042
CVE-2025-1193,0.00021
CVE-2025-1195,0.00037
CVE-2025-1196,0.00032
CVE-2025-1197,0.00038
CVE-2025-1198,0.00014
CVE-2025-1199,0.00036
CVE-2025-1200,0.00044
CVE-2025-1201,0.00036
CVE-2025-1202,0.00036
CVE-2025-1203,0.00031
CVE-2025-1204,0.00063
CVE-2025-1206,0.00042
CVE-2025-1207,0.00025
CVE-2025-1208,0.00047
CVE-2025-1209,0.00035
CVE-2025-1210,0.00038
CVE-2025-1211,0.0008
CVE-2025-1212,0.00019
CVE-2025-1213,0.00044
CVE-2025-1214,0.00054
CVE-2025-1215,0.00027
CVE-2025-1216,0.00039
CVE-2025-1217,0.00163
CVE-2025-1219,0.00086
CVE-2025-1222,0.00021
CVE-2025-1223,0.00021
CVE-2025-1224,0.00039
CVE-2025-1225,0.00074
CVE-2025-1226,0.00049
CVE-2025-1227,0.00039
CVE-2025-1228,0.00057
CVE-2025-1229,0.02115
CVE-2025-1230,0.00046
CVE-2025-1231,0.00036
CVE-2025-1232,0.00054
CVE-2025-1233,0.0004
CVE-2025-1239,0.0006
CVE-2025-1240,0.00157
CVE-2025-1243,6e-05
CVE-2025-1244,0.00117
CVE-2025-1247,0.00071
CVE-2025-1249,0.00044
CVE-2025-1257,0.00037
CVE-2025-1259,0.00033
CVE-2025-1260,0.00052
CVE-2025-1261,0.0003
CVE-2025-1262,0.00063
CVE-2025-1264,0.00038
CVE-2025-1265,0.00239
CVE-2025-1267,0.00043
CVE-2025-1268,0.0009
CVE-2025-1269,0.00028
CVE-2025-1270,0.00052
CVE-2025-1271,0.00045
CVE-2025-1273,0.00016
CVE-2025-1274,0.00029
CVE-2025-1275,0.00023
CVE-2025-1276,0.0002
CVE-2025-1277,0.00016
CVE-2025-1282,0.00397
CVE-2025-1283,0.00056
CVE-2025-1285,0.00073
CVE-2025-1287,0.00039
CVE-2025-1291,0.00044
CVE-2025-1292,8e-05
CVE-2025-1293,0.00117
CVE-2025-1295,0.00054
CVE-2025-1296,0.0004
CVE-2025-1298,0.00062
CVE-2025-1300,0.00038
CVE-2025-1302,0.17815
CVE-2025-1306,0.00105
CVE-2025-1307,0.05175
CVE-2025-1309,0.00051
CVE-2025-1310,0.00639
CVE-2025-1311,0.00034
CVE-2025-1312,0.00038
CVE-2025-1314,0.00022
CVE-2025-1315,0.0007
CVE-2025-1316,0.72695
CVE-2025-1319,0.00095
CVE-2025-1320,0.00013
CVE-2025-1321,0.00032
CVE-2025-1322,0.00066
CVE-2025-1323,0.59012
CVE-2025-1324,0.0003
CVE-2025-1325,0.00056
CVE-2025-1328,0.0004
CVE-2025-1332,0.00044
CVE-2025-1335,0.00108
CVE-2025-1336,0.00138
CVE-2025-1337,0.00015
CVE-2025-1338,0.29604
CVE-2025-1339,0.01087
CVE-2025-1340,0.0013
CVE-2025-1341,0.00052
CVE-2025-1352,0.001
CVE-2025-1353,0.0002
CVE-2025-1354,0.00075
CVE-2025-1355,0.00059
CVE-2025-1356,0.00038
CVE-2025-1357,0.00068
CVE-2025-1358,0.00022
CVE-2025-1359,0.05429
CVE-2025-1360,0.00039
CVE-2025-1361,0.00089
CVE-2025-1362,0.00037
CVE-2025-1363,0.00032
CVE-2025-1364,0.00022
CVE-2025-1365,0.00025
CVE-2025-1366,0.00021
CVE-2025-1367,0.00018
CVE-2025-1368,0.00019
CVE-2025-1369,0.0056
CVE-2025-1370,0.00785
CVE-2025-1371,0.00025
CVE-2025-1372,0.00025
CVE-2025-1373,0.00025
CVE-2025-1374,0.0004
CVE-2025-1376,0.00029
CVE-2025-1377,0.00029
CVE-2025-1378,0.00029
CVE-2025-1379,0.00045
CVE-2025-1380,0.0004
CVE-2025-1381,0.00043
CVE-2025-1382,0.00034
CVE-2025-1383,0.00014
CVE-2025-1385,0.0015
CVE-2025-1386,0.00039
CVE-2025-1387,0.0046
CVE-2025-1388,0.00143
CVE-2025-1389,0.0005
CVE-2025-1390,0.00021
CVE-2025-1391,0.00036
CVE-2025-1392,0.00034
CVE-2025-1393,0.00134
CVE-2025-1398,0.00014
CVE-2025-1401,0.00041
CVE-2025-1402,0.00052
CVE-2025-1403,0.00131
CVE-2025-1404,0.00059
CVE-2025-1405,0.0004
CVE-2025-1406,0.00034
CVE-2025-1407,0.00034
CVE-2025-1408,0.00032
CVE-2025-1410,0.0004
CVE-2025-1412,0.00026
CVE-2025-1413,0.00015
CVE-2025-1414,0.00208
CVE-2025-1424,0.00025
CVE-2025-1425,0.00024
CVE-2025-1426,0.00093
CVE-2025-1427,0.00026
CVE-2025-1428,0.00026
CVE-2025-1429,0.00026
CVE-2025-1430,0.00026
CVE-2025-1431,0.00026
CVE-2025-1432,0.00026
CVE-2025-1433,0.00026
CVE-2025-1434,0.00039
CVE-2025-1435,0.00015
CVE-2025-1436,0.00039
CVE-2025-1437,0.00032
CVE-2025-1439,0.00032
CVE-2025-1440,0.00112
CVE-2025-1441,0.00024
CVE-2025-1445,0.00049
CVE-2025-1446,0.00033
CVE-2025-1447,0.00061
CVE-2025-1448,0.29604
CVE-2025-1449,0.00055
CVE-2025-1450,0.00042
CVE-2025-1451,0.00055
CVE-2025-1452,0.00031
CVE-2025-1455,0.00032
CVE-2025-1456,0.00032
CVE-2025-1459,0.00038
CVE-2025-1463,0.00015
CVE-2025-1464,0.00051
CVE-2025-1465,0.00078
CVE-2025-1467,0.00051
CVE-2025-1468,0.00059
CVE-2025-1470,0.00019
CVE-2025-1471,0.00016
CVE-2025-1472,0.0003
CVE-2025-1473,0.00016
CVE-2025-1474,0.0004
CVE-2025-1475,0.00426
CVE-2025-1481,0.00037
CVE-2025-1483,0.00063
CVE-2025-1486,0.00041
CVE-2025-1487,0.00041
CVE-2025-1488,0.00029
CVE-2025-1489,0.0004
CVE-2025-1490,0.00147
CVE-2025-1491,0.00044
CVE-2025-1492,0.00031
CVE-2025-1496,0.00069
CVE-2025-1497,0.00462
CVE-2025-1500,0.00037
CVE-2025-1502,0.00056
CVE-2025-1503,0.00032
CVE-2025-1504,0.00032
CVE-2025-1505,0.00095
CVE-2025-1506,0.00016
CVE-2025-1507,0.0006
CVE-2025-1508,0.00047
CVE-2025-1509,0.00131
CVE-2025-1510,0.00131
CVE-2025-1511,0.00123
CVE-2025-1512,0.00037
CVE-2025-1513,0.00129
CVE-2025-1514,0.00104
CVE-2025-1515,0.00298
CVE-2025-1517,0.0007
CVE-2025-1526,0.00034
CVE-2025-1527,0.0003
CVE-2025-1528,0.00033
CVE-2025-1530,0.00022
CVE-2025-1534,0.00058
CVE-2025-1535,0.0006
CVE-2025-1536,0.0741
CVE-2025-1537,0.00042
CVE-2025-1538,0.00169
CVE-2025-1539,0.00109
CVE-2025-1540,0.00014
CVE-2025-1542,0.00041
CVE-2025-1543,0.00104
CVE-2025-1544,0.00047
CVE-2025-1546,0.0741
CVE-2025-1548,0.00035
CVE-2025-1550,0.00011
CVE-2025-1553,0.00068
CVE-2025-1555,0.00069
CVE-2025-1556,0.00068
CVE-2025-1557,0.00024
CVE-2025-1558,0.00066
CVE-2025-1559,0.00038
CVE-2025-1560,0.0004
CVE-2025-1561,0.00175
CVE-2025-1564,0.00073
CVE-2025-1570,0.00062
CVE-2025-1571,0.0004
CVE-2025-1572,0.00067
CVE-2025-1575,0.00039
CVE-2025-1576,0.00037
CVE-2025-1577,0.00035
CVE-2025-1578,0.00039
CVE-2025-1579,0.00047
CVE-2025-1580,0.00043
CVE-2025-1581,0.00037
CVE-2025-1582,0.00037
CVE-2025-1583,0.00037
CVE-2025-1584,0.00085
CVE-2025-1585,0.00047
CVE-2025-1586,0.00054
CVE-2025-1587,0.0002
CVE-2025-1588,0.00115
CVE-2025-1589,0.00054
CVE-2025-1590,0.00049
CVE-2025-1591,0.00052
CVE-2025-1592,0.0005
CVE-2025-1593,0.00052
CVE-2025-1594,0.00114
CVE-2025-1595,0.00054
CVE-2025-1596,0.00044
CVE-2025-1597,0.00039
CVE-2025-1598,0.00056
CVE-2025-1599,0.00168
CVE-2025-1606,0.00046
CVE-2025-1607,0.00037
CVE-2025-1608,0.02171
CVE-2025-1609,0.02171
CVE-2025-1610,0.02171
CVE-2025-1611,0.00067
CVE-2025-1612,0.00034
CVE-2025-1613,0.00051
CVE-2025-1614,0.00051
CVE-2025-1615,0.00051
CVE-2025-1616,0.00111
CVE-2025-1617,0.00042
CVE-2025-1618,0.00049
CVE-2025-1619,0.00034
CVE-2025-1620,0.00034
CVE-2025-1621,0.00034
CVE-2025-1622,0.00034
CVE-2025-1623,0.00034
CVE-2025-1624,0.00034
CVE-2025-1629,0.00039
CVE-2025-1632,0.00092
CVE-2025-1634,0.00081
CVE-2025-1635,0.00038
CVE-2025-1636,0.00038
CVE-2025-1638,0.00171
CVE-2025-1639,0.05156
CVE-2025-1640,0.00045
CVE-2025-1641,0.00045
CVE-2025-1642,0.00082
CVE-2025-1643,0.00031
CVE-2025-1644,0.00037
CVE-2025-1645,0.00074
CVE-2025-1646,0.00081
CVE-2025-1648,0.00228
CVE-2025-1649,0.00026
CVE-2025-1650,0.00026
CVE-2025-1651,0.00026
CVE-2025-1652,0.00026
CVE-2025-1653,0.00047
CVE-2025-1656,0.00016
CVE-2025-1657,0.00046
CVE-2025-1658,0.00025
CVE-2025-1659,0.00025
CVE-2025-1660,0.00025
CVE-2025-1661,0.78352
CVE-2025-1662,0.00032
CVE-2025-1663,0.00034
CVE-2025-1664,0.0003
CVE-2025-1665,0.00034
CVE-2025-1666,0.00032
CVE-2025-1667,0.00034
CVE-2025-1668,0.00029
CVE-2025-1669,0.00031
CVE-2025-1670,0.00031
CVE-2025-1671,0.00073
CVE-2025-1672,0.00033
CVE-2025-1673,0.00091
CVE-2025-1674,0.00079
CVE-2025-1675,0.00086
CVE-2025-1676,0.02667
CVE-2025-1677,0.00036
CVE-2025-1681,0.00051
CVE-2025-1682,0.00059
CVE-2025-1683,0.00022
CVE-2025-1686,0.00053
CVE-2025-1687,0.00023
CVE-2025-1688,0.00034
CVE-2025-1689,0.0003
CVE-2025-1690,0.0003
CVE-2025-1691,0.00058
CVE-2025-1692,0.00017
CVE-2025-1693,0.00041
CVE-2025-1695,0.00301
CVE-2025-1696,0.00021
CVE-2025-1702,0.00214
CVE-2025-1703,0.00043
CVE-2025-1705,0.00051
CVE-2025-1707,0.0011
CVE-2025-1714,0.00054
CVE-2025-1716,0.00493
CVE-2025-1717,0.00121
CVE-2025-1723,0.00044
CVE-2025-1724,0.00309
CVE-2025-1726,0.00038
CVE-2025-1730,0.00051
CVE-2025-1734,0.00163
CVE-2025-1736,0.00163
CVE-2025-1738,0.00019
CVE-2025-1739,0.00086
CVE-2025-1741,0.00105
CVE-2025-1742,0.00049
CVE-2025-1743,0.00071
CVE-2025-1744,0.00061
CVE-2025-1745,0.00023
CVE-2025-1746,0.00052
CVE-2025-1747,0.00054
CVE-2025-1748,0.00054
CVE-2025-1749,0.00054
CVE-2025-1751,0.00051
CVE-2025-1755,0.00015
CVE-2025-1756,0.00017
CVE-2025-1757,0.0004
CVE-2025-1758,6e-05
CVE-2025-1762,0.00031
CVE-2025-1764,0.00021
CVE-2025-1766,0.00085
CVE-2025-1767,0.00031
CVE-2025-1768,0.00081
CVE-2025-1769,0.00312
CVE-2025-1770,0.00295
CVE-2025-1771,0.0037
CVE-2025-1773,0.00111
CVE-2025-1774,0.00062
CVE-2025-1776,0.00069
CVE-2025-1780,0.0004
CVE-2025-1781,0.0005
CVE-2025-1782,0.00053
CVE-2025-1783,0.00034
CVE-2025-1784,0.00038
CVE-2025-1785,0.00563
CVE-2025-1786,0.0002
CVE-2025-1788,0.0002
CVE-2025-1791,0.00054
CVE-2025-1795,0.00173
CVE-2025-1796,0.0005
CVE-2025-1797,0.00042
CVE-2025-1798,0.00066
CVE-2025-1799,0.00053
CVE-2025-1800,0.01147
CVE-2025-1801,0.00036
CVE-2025-1802,0.00056
CVE-2025-1804,0.00017
CVE-2025-1805,0.00053
CVE-2025-1806,0.00042
CVE-2025-1807,0.00012
CVE-2025-1808,0.00061
CVE-2025-1809,0.00061
CVE-2025-1810,0.00041
CVE-2025-1811,0.00061
CVE-2025-1812,0.00036
CVE-2025-1813,0.0002
CVE-2025-1814,0.00068
CVE-2025-1815,0.00071
CVE-2025-1816,0.00074
CVE-2025-1817,0.00039
CVE-2025-1818,0.00049
CVE-2025-1819,0.02918
CVE-2025-1820,0.00036
CVE-2025-1821,0.00036
CVE-2025-1828,0.00051
CVE-2025-1829,0.01824
CVE-2025-1830,0.00039
CVE-2025-1831,0.00036
CVE-2025-1832,0.00036
CVE-2025-1833,0.00046
CVE-2025-1834,0.00046
CVE-2025-1835,0.00046
CVE-2025-1836,0.00036
CVE-2025-1840,0.00049
CVE-2025-1841,0.00049
CVE-2025-1842,0.0004
CVE-2025-1843,0.00036
CVE-2025-1844,0.00036
CVE-2025-1845,0.02171
CVE-2025-1846,0.0005
CVE-2025-1847,0.00046
CVE-2025-1848,0.00046
CVE-2025-1849,0.00046
CVE-2025-1850,0.0004
CVE-2025-1851,0.00099
CVE-2025-1852,0.00156
CVE-2025-1853,0.00165
CVE-2025-1854,0.00036
CVE-2025-1855,0.00038
CVE-2025-1856,0.00049
CVE-2025-1857,0.00052
CVE-2025-1858,0.00047
CVE-2025-1859,0.00037
CVE-2025-1860,0.00035
CVE-2025-1861,0.00104
CVE-2025-1864,0.00058
CVE-2025-1865,0.00015
CVE-2025-1866,0.00058
CVE-2025-1867,0.00058
CVE-2025-1868,0.00018
CVE-2025-1869,0.00044
CVE-2025-1870,0.00044
CVE-2025-1871,0.00044
CVE-2025-1872,0.00044
CVE-2025-1873,0.00044
CVE-2025-1874,0.00044
CVE-2025-1875,0.00044
CVE-2025-1876,0.00114
CVE-2025-1877,0.0009
CVE-2025-1878,0.00032
CVE-2025-1879,0.0002
CVE-2025-1880,0.00028
CVE-2025-1881,0.00046
CVE-2025-1882,0.00025
CVE-2025-1886,0.00039
CVE-2025-1887,0.00049
CVE-2025-1888,0.00031
CVE-2025-1889,0.00032
CVE-2025-1890,0.00058
CVE-2025-1891,0.00025
CVE-2025-1892,0.00052
CVE-2025-1893,0.00204
CVE-2025-1894,0.00057
CVE-2025-1895,0.0007
CVE-2025-1896,0.0007
CVE-2025-1897,0.0007
CVE-2025-1898,0.0007
CVE-2025-1899,0.0007
CVE-2025-1900,0.00057
CVE-2025-1901,0.00057
CVE-2025-1902,0.00057
CVE-2025-1903,0.00059
CVE-2025-1904,0.00051
CVE-2025-1905,0.00051
CVE-2025-1906,0.00047
CVE-2025-1911,0.00048
CVE-2025-1912,0.00045
CVE-2025-1913,0.00158
CVE-2025-1914,0.0008
CVE-2025-1915,0.00031
CVE-2025-1916,0.00053
CVE-2025-1917,0.00045
CVE-2025-1918,0.0008
CVE-2025-1919,0.0008
CVE-2025-1920,0.00075
CVE-2025-1921,0.00047
CVE-2025-1922,0.00043
CVE-2025-1923,0.00033
CVE-2025-1925,0.00073
CVE-2025-1926,0.00015
CVE-2025-1930,0.00077
CVE-2025-1931,0.00227
CVE-2025-1932,0.00074
CVE-2025-1933,0.00121
CVE-2025-1934,0.00122
CVE-2025-1935,0.00071
CVE-2025-1936,0.00137
CVE-2025-1937,0.00122
CVE-2025-1938,0.00098
CVE-2025-1939,0.00012
CVE-2025-1940,0.00038
CVE-2025-1941,0.00177
CVE-2025-1942,0.00095
CVE-2025-1943,0.00089
CVE-2025-1944,0.00036
CVE-2025-1945,0.00065
CVE-2025-1946,0.02171
CVE-2025-1947,0.02171
CVE-2025-1949,0.00042
CVE-2025-1952,0.00042
CVE-2025-1953,0.00056
CVE-2025-1954,0.0005
CVE-2025-1955,0.00038
CVE-2025-1956,0.00042
CVE-2025-1957,0.00045
CVE-2025-1958,0.00036
CVE-2025-1959,0.0004
CVE-2025-1960,0.00061
CVE-2025-1961,0.00026
CVE-2025-1962,0.00042
CVE-2025-1963,0.00042
CVE-2025-1964,0.00049
CVE-2025-1965,0.00042
CVE-2025-1966,0.00042
CVE-2025-1967,0.00044
CVE-2025-1968,0.00053
CVE-2025-1969,0.00017
CVE-2025-1970,0.00047
CVE-2025-1971,0.00163
CVE-2025-1972,0.00049
CVE-2025-1973,0.00065
CVE-2025-1974,0.83735
CVE-2025-1979,0.00019
CVE-2025-1980,0.00297
CVE-2025-1981,0.00032
CVE-2025-1982,0.00044
CVE-2025-1983,0.00049
CVE-2025-1984,0.00014
CVE-2025-1986,0.00029
CVE-2025-1997,0.00042
CVE-2025-1998,0.00016
CVE-2025-20002,0.00041
CVE-2025-20011,0.00015
CVE-2025-20014,0.00114
CVE-2025-20016,0.00622
CVE-2025-20021,0.00015
CVE-2025-20024,0.00013
CVE-2025-20029,0.66833
CVE-2025-20033,0.00088
CVE-2025-20036,0.0008
CVE-2025-20042,0.00014
CVE-2025-20045,0.00131
CVE-2025-20049,0.0004
CVE-2025-20051,0.00103
CVE-2025-20055,0.01176
CVE-2025-20058,0.00112
CVE-2025-20059,0.00161
CVE-2025-20060,0.00052
CVE-2025-20061,0.00114
CVE-2025-20072,0.00054
CVE-2025-20075,0.00057
CVE-2025-20081,0.00013
CVE-2025-20086,0.00085
CVE-2025-20088,0.00085
CVE-2025-20091,0.00013
CVE-2025-20094,0.00018
CVE-2025-20097,0.00052
CVE-2025-20102,0.00015
CVE-2025-20111,0.00072
CVE-2025-20115,0.00156
CVE-2025-20116,0.00043
CVE-2025-20117,0.00012
CVE-2025-20118,0.0002
CVE-2025-20119,0.00027
CVE-2025-20120,0.00024
CVE-2025-20123,0.00043
CVE-2025-20124,0.00152
CVE-2025-20125,0.00064
CVE-2025-20126,0.00016
CVE-2025-20128,0.00401
CVE-2025-20138,0.00055
CVE-2025-20139,0.00112
CVE-2025-20141,0.00049
CVE-2025-20142,0.00097
CVE-2025-20143,0.00014
CVE-2025-20144,0.00029
CVE-2025-20145,0.0003
CVE-2025-20146,0.00134
CVE-2025-20153,0.00036
CVE-2025-20156,0.00184
CVE-2025-20158,0.0002
CVE-2025-20161,0.00222
CVE-2025-20165,0.00179
CVE-2025-20166,0.00042
CVE-2025-20167,0.00042
CVE-2025-20168,0.00042
CVE-2025-20169,0.00226
CVE-2025-20170,0.00226
CVE-2025-20171,0.00226
CVE-2025-20172,0.00226
CVE-2025-20173,0.00226
CVE-2025-20174,0.00226
CVE-2025-20175,0.00226
CVE-2025-20176,0.00163
CVE-2025-20177,0.0002
CVE-2025-20179,0.00067
CVE-2025-20180,0.00043
CVE-2025-20183,0.00051
CVE-2025-20184,0.00118
CVE-2025-20185,0.00012
CVE-2025-20203,0.00039
CVE-2025-20204,0.00043
CVE-2025-20205,0.00043
CVE-2025-20206,8e-05
CVE-2025-20207,0.00041
CVE-2025-20208,0.00037
CVE-2025-20209,0.00097
CVE-2025-20211,0.00067
CVE-2025-20212,0.00125
CVE-2025-20226,0.00024
CVE-2025-20227,0.00052
CVE-2025-20228,0.00018
CVE-2025-20229,0.00086
CVE-2025-20230,0.0003
CVE-2025-20231,0.0003
CVE-2025-20232,0.00024
CVE-2025-20233,9e-05
CVE-2025-20615,0.00024
CVE-2025-20617,0.00302
CVE-2025-20620,0.00059
CVE-2025-20621,0.0009
CVE-2025-20626,0.00013
CVE-2025-20630,0.0008
CVE-2025-20631,0.00021
CVE-2025-20632,0.00021
CVE-2025-20633,0.00052
CVE-2025-20634,0.00379
CVE-2025-20635,0.00013
CVE-2025-20636,7e-05
CVE-2025-20637,0.00255
CVE-2025-20638,9e-05
CVE-2025-20639,0.00013
CVE-2025-20640,9e-05
CVE-2025-20641,8e-05
CVE-2025-20642,0.00013
CVE-2025-20643,9e-05
CVE-2025-20644,0.00231
CVE-2025-20645,0.00015
CVE-2025-20646,0.00261
CVE-2025-20647,0.00284
CVE-2025-20648,0.00014
CVE-2025-20649,0.00032
CVE-2025-20650,0.00025
CVE-2025-20651,0.00018
CVE-2025-20652,0.00021
CVE-2025-20653,0.00015
CVE-2025-20654,0.00206
CVE-2025-20655,0.00013
CVE-2025-20656,0.00023
CVE-2025-20657,0.00018
CVE-2025-20658,0.00023
CVE-2025-20659,0.00104
CVE-2025-20660,0.00018
CVE-2025-20661,0.00016
CVE-2025-20662,0.00016
CVE-2025-20663,0.00071
CVE-2025-20664,0.00071
CVE-2025-20881,0.00023
CVE-2025-20882,0.00023
CVE-2025-20883,0.00024
CVE-2025-20884,0.00024
CVE-2025-20885,0.00021
CVE-2025-20886,0.00018
CVE-2025-20887,0.00017
CVE-2025-20888,0.00023
CVE-2025-20889,0.00017
CVE-2025-20890,0.00023
CVE-2025-20891,0.00017
CVE-2025-20892,0.00022
CVE-2025-20893,0.00024
CVE-2025-20894,0.00024
CVE-2025-20895,0.00026
CVE-2025-20896,0.00018
CVE-2025-20897,0.00019
CVE-2025-20898,0.00024
CVE-2025-20899,0.00018
CVE-2025-20900,0.00019
CVE-2025-20901,0.00018
CVE-2025-20902,0.00018
CVE-2025-20903,0.00014
CVE-2025-20904,0.00021
CVE-2025-20905,0.00018
CVE-2025-20906,0.00018
CVE-2025-20907,0.00021
CVE-2025-20908,0.00033
CVE-2025-20909,0.00017
CVE-2025-20910,0.00018
CVE-2025-20911,0.00016
CVE-2025-20912,0.00018
CVE-2025-20913,0.00014
CVE-2025-20914,0.00014
CVE-2025-20915,0.00014
CVE-2025-20916,0.00014
CVE-2025-20917,0.00014
CVE-2025-20918,0.00014
CVE-2025-20919,0.00014
CVE-2025-20920,0.00014
CVE-2025-20921,0.00014
CVE-2025-20922,0.00014
CVE-2025-20923,0.00019
CVE-2025-20924,0.00022
CVE-2025-20925,0.00014
CVE-2025-20926,0.00014
CVE-2025-20927,0.00014
CVE-2025-20928,0.00014
CVE-2025-20929,0.00019
CVE-2025-20930,0.00014
CVE-2025-20931,0.00019
CVE-2025-20932,0.00014
CVE-2025-20933,0.00014
CVE-2025-20934,0.00013
CVE-2025-20935,0.00014
CVE-2025-20936,0.00015
CVE-2025-20938,0.00014
CVE-2025-20939,0.00019
CVE-2025-20940,0.00016
CVE-2025-20941,0.00016
CVE-2025-20942,0.00015
CVE-2025-20943,0.00018
CVE-2025-20944,0.00016
CVE-2025-20945,0.00016
CVE-2025-20946,0.00023
CVE-2025-20947,0.00014
CVE-2025-20948,0.00014
CVE-2025-20950,0.00016
CVE-2025-20951,0.00017
CVE-2025-20952,0.00014
CVE-2025-21083,0.0008
CVE-2025-21084,0.00015
CVE-2025-21087,0.00112
CVE-2025-21088,0.00061
CVE-2025-21089,0.00015
CVE-2025-21091,0.00112
CVE-2025-21092,0.00031
CVE-2025-21095,0.00066
CVE-2025-21097,0.00015
CVE-2025-21098,0.00014
CVE-2025-21101,0.00013
CVE-2025-21102,0.00016
CVE-2025-21103,0.00055
CVE-2025-21104,0.00036
CVE-2025-21105,0.00011
CVE-2025-21106,0.00017
CVE-2025-21107,0.00018
CVE-2025-21111,0.00016
CVE-2025-21117,0.00042
CVE-2025-21121,0.00034
CVE-2025-21122,0.00028
CVE-2025-21123,0.00027
CVE-2025-21124,0.0003
CVE-2025-21125,0.00024
CVE-2025-21126,0.00044
CVE-2025-21127,0.00028
CVE-2025-21128,0.00027
CVE-2025-21129,0.00027
CVE-2025-21130,0.00034
CVE-2025-21131,0.00034
CVE-2025-21132,0.00034
CVE-2025-21133,0.00027
CVE-2025-21134,0.00027
CVE-2025-21135,0.00028
CVE-2025-21136,0.00034
CVE-2025-21137,0.00027
CVE-2025-21138,0.00034
CVE-2025-21139,0.00027
CVE-2025-21155,0.00024
CVE-2025-21156,0.00026
CVE-2025-21157,0.00034
CVE-2025-21158,0.00027
CVE-2025-21159,0.00027
CVE-2025-21160,0.00026
CVE-2025-21161,0.00033
CVE-2025-21162,0.00022
CVE-2025-21163,0.00026
CVE-2025-21169,0.00023
CVE-2025-21170,0.00021
CVE-2025-21171,0.00735
CVE-2025-21172,0.00121
CVE-2025-21173,0.01649
CVE-2025-21174,0.01663
CVE-2025-21176,0.0047
CVE-2025-21177,0.00832
CVE-2025-21178,0.00786
CVE-2025-21179,0.00093
CVE-2025-21180,0.0009
CVE-2025-21181,0.0512
CVE-2025-21182,0.00051
CVE-2025-21183,0.00051
CVE-2025-21184,0.00085
CVE-2025-21185,0.00119
CVE-2025-21186,0.00363
CVE-2025-21187,0.00124
CVE-2025-21188,0.00122
CVE-2025-21189,0.00182
CVE-2025-21190,0.00543
CVE-2025-21191,0.00038
CVE-2025-21193,0.001
CVE-2025-21194,0.00154
CVE-2025-21197,0.00104
CVE-2025-21198,0.00363
CVE-2025-21199,0.00062
CVE-2025-21200,0.00711
CVE-2025-21201,0.00711
CVE-2025-21202,0.0008
CVE-2025-21203,0.0007
CVE-2025-21204,0.00075
CVE-2025-21205,0.00078
CVE-2025-21206,0.00304
CVE-2025-21207,0.00782
CVE-2025-21208,0.01493
CVE-2025-21210,0.00083
CVE-2025-21211,0.00129
CVE-2025-21212,0.00073
CVE-2025-21213,0.00083
CVE-2025-21214,0.00061
CVE-2025-21215,0.00068
CVE-2025-21216,0.00073
CVE-2025-21217,0.00179
CVE-2025-21218,0.00782
CVE-2025-21219,0.00118
CVE-2025-21220,0.00484
CVE-2025-21221,0.00078
CVE-2025-21222,0.00078
CVE-2025-21223,0.00786
CVE-2025-21224,0.00355
CVE-2025-21225,0.00197
CVE-2025-21226,0.00082
CVE-2025-21227,0.00082
CVE-2025-21228,0.00082
CVE-2025-21229,0.00082
CVE-2025-21230,0.01563
CVE-2025-21231,0.00782
CVE-2025-21232,0.00082
CVE-2025-21233,0.00786
CVE-2025-21234,0.00321
CVE-2025-21235,0.00321
CVE-2025-21236,0.00786
CVE-2025-21237,0.00786
CVE-2025-21238,0.00786
CVE-2025-21239,0.00786
CVE-2025-21240,0.00786
CVE-2025-21241,0.00786
CVE-2025-21242,0.00096
CVE-2025-21243,0.00846
CVE-2025-21244,0.00846
CVE-2025-21245,0.00786
CVE-2025-21246,0.00786
CVE-2025-21247,0.00124
CVE-2025-21248,0.00786
CVE-2025-21249,0.00082
CVE-2025-21250,0.00786
CVE-2025-21251,0.00782
CVE-2025-21252,0.00786
CVE-2025-21253,0.00151
CVE-2025-21254,0.00073
CVE-2025-21255,0.00082
CVE-2025-21256,0.00082
CVE-2025-21257,0.00054
CVE-2025-21258,0.00082
CVE-2025-21259,0.00098
CVE-2025-21260,0.00082
CVE-2025-21261,0.00082
CVE-2025-21262,0.00092
CVE-2025-21263,0.00082
CVE-2025-21265,0.00082
CVE-2025-21266,0.00786
CVE-2025-21267,0.00058
CVE-2025-21268,0.00118
CVE-2025-21269,0.00118
CVE-2025-21270,0.00782
CVE-2025-21271,0.00144
CVE-2025-21272,0.00073
CVE-2025-21273,0.00786
CVE-2025-21274,0.00074
CVE-2025-21275,0.00191
CVE-2025-21276,0.02192
CVE-2025-21277,0.02816
CVE-2025-21278,0.00045
CVE-2025-21279,0.00281
CVE-2025-21280,0.00115
CVE-2025-21281,0.00144
CVE-2025-21282,0.00786
CVE-2025-21283,0.00244
CVE-2025-21284,0.00115
CVE-2025-21285,0.02081
CVE-2025-21286,0.02154
CVE-2025-21287,0.00135
CVE-2025-21288,0.00073
CVE-2025-21289,0.00782
CVE-2025-21290,0.00782
CVE-2025-21291,0.00786
CVE-2025-21292,0.00115
CVE-2025-21293,0.66814
CVE-2025-21294,0.01158
CVE-2025-21295,0.02086
CVE-2025-21296,0.00279
CVE-2025-21297,0.02086
CVE-2025-21298,0.61791
CVE-2025-21299,0.00174
CVE-2025-21300,0.00782
CVE-2025-21301,0.00162
CVE-2025-21302,0.00786
CVE-2025-21303,0.00786
CVE-2025-21304,0.00144
CVE-2025-21305,0.00786
CVE-2025-21306,0.00786
CVE-2025-21307,0.11814
CVE-2025-21308,0.00803
CVE-2025-21309,0.00405
CVE-2025-21310,0.00082
CVE-2025-21311,0.06789
CVE-2025-21312,0.00086
CVE-2025-21313,0.00201
CVE-2025-21314,0.00076
CVE-2025-21315,0.00082
CVE-2025-21316,0.00107
CVE-2025-21317,0.0006
CVE-2025-21318,0.0006
CVE-2025-21319,0.0006
CVE-2025-21320,0.0006
CVE-2025-21321,0.0006
CVE-2025-21322,0.00113
CVE-2025-21323,0.0006
CVE-2025-21324,0.00082
CVE-2025-21325,0.00415
CVE-2025-21326,0.00193
CVE-2025-21327,0.00082
CVE-2025-21328,0.00118
CVE-2025-21329,0.00127
CVE-2025-21330,0.00782
CVE-2025-21331,0.00115
CVE-2025-21332,0.00141
CVE-2025-21333,0.59049
CVE-2025-21334,0.4366
CVE-2025-21335,0.4366
CVE-2025-21336,0.00073
CVE-2025-21337,0.00056
CVE-2025-21338,0.00281
CVE-2025-21339,0.04697
CVE-2025-21340,0.00053
CVE-2025-21341,0.00082
CVE-2025-21342,0.00939
CVE-2025-21343,0.01288
CVE-2025-21344,0.00837
CVE-2025-21345,0.00336
CVE-2025-21346,0.00299
CVE-2025-21347,0.00058
CVE-2025-21348,0.01309
CVE-2025-21349,0.00074
CVE-2025-21350,0.00364
CVE-2025-21351,0.04502
CVE-2025-21352,0.0022
CVE-2025-21354,0.00403
CVE-2025-21355,0.01798
CVE-2025-21356,0.00284
CVE-2025-21357,0.00062
CVE-2025-21358,0.00109
CVE-2025-21359,0.00062
CVE-2025-21360,0.00135
CVE-2025-21361,0.00169
CVE-2025-21362,0.00437
CVE-2025-21363,0.00385
CVE-2025-21364,0.00584
CVE-2025-21365,0.00335
CVE-2025-21366,0.00482
CVE-2025-21367,0.00066
CVE-2025-21368,0.00572
CVE-2025-21369,0.00817
CVE-2025-21370,0.00321
CVE-2025-21371,0.00961
CVE-2025-21372,0.00082
CVE-2025-21373,0.00113
CVE-2025-21374,0.00054
CVE-2025-21375,0.00096
CVE-2025-21376,0.00507
CVE-2025-21377,0.04403
CVE-2025-21378,0.00144
CVE-2025-21379,0.0037
CVE-2025-21380,0.19783
CVE-2025-21381,0.00451
CVE-2025-21382,0.00156
CVE-2025-21383,0.00085
CVE-2025-21384,0.00102
CVE-2025-21385,0.39928
CVE-2025-21386,0.00102
CVE-2025-21387,0.00114
CVE-2025-21389,0.00782
CVE-2025-21390,0.00102
CVE-2025-21391,0.34327
CVE-2025-21392,0.00102
CVE-2025-21393,0.00102
CVE-2025-21394,0.00102
CVE-2025-21395,0.00482
CVE-2025-21396,0.00275
CVE-2025-21397,0.00102
CVE-2025-21399,0.00272
CVE-2025-21400,0.00271
CVE-2025-21401,0.00088
CVE-2025-21402,0.00194
CVE-2025-21403,0.00081
CVE-2025-21404,0.00071
CVE-2025-21405,0.00121
CVE-2025-21406,0.00711
CVE-2025-21407,0.00543
CVE-2025-21408,0.00376
CVE-2025-21409,0.04697
CVE-2025-21410,0.00711
CVE-2025-21411,0.04697
CVE-2025-21413,0.04697
CVE-2025-21414,0.00086
CVE-2025-21415,0.00553
CVE-2025-21417,0.04697
CVE-2025-21418,0.44574
CVE-2025-21419,0.00156
CVE-2025-21420,0.20704
CVE-2025-21421,0.00017
CVE-2025-21423,0.00017
CVE-2025-21424,0.00013
CVE-2025-21425,0.00016
CVE-2025-21428,0.00052
CVE-2025-21429,0.00052
CVE-2025-21430,0.00052
CVE-2025-21431,0.00013
CVE-2025-21434,0.00068
CVE-2025-21435,0.00068
CVE-2025-21436,0.00017
CVE-2025-21437,0.00017
CVE-2025-21438,0.00017
CVE-2025-21439,0.00017
CVE-2025-21440,0.00017
CVE-2025-21441,0.00017
CVE-2025-21442,0.00017
CVE-2025-21443,0.00017
CVE-2025-21447,0.00017
CVE-2025-21448,0.00068
CVE-2025-21489,0.00015
CVE-2025-21490,0.00059
CVE-2025-21491,0.00053
CVE-2025-21492,0.00053
CVE-2025-21493,0.00062
CVE-2025-21494,0.00018
CVE-2025-21495,0.00046
CVE-2025-21497,0.00032
CVE-2025-21498,0.00043
CVE-2025-21499,0.00062
CVE-2025-21500,0.00077
CVE-2025-21501,0.00077
CVE-2025-21502,0.00019
CVE-2025-21503,0.00053
CVE-2025-21504,0.00053
CVE-2025-21505,0.00053
CVE-2025-21506,0.00062
CVE-2025-21507,0.00014
CVE-2025-21508,0.00048
CVE-2025-21509,0.00048
CVE-2025-21510,0.00061
CVE-2025-21511,0.0003
CVE-2025-21512,0.00034
CVE-2025-21513,0.00016
CVE-2025-21514,0.00043
CVE-2025-21515,0.00143
CVE-2025-21516,0.00062
CVE-2025-21517,0.00033
CVE-2025-21518,0.00077
CVE-2025-21519,0.00049
CVE-2025-21520,0.00015
CVE-2025-21521,0.00076
CVE-2025-21522,0.00077
CVE-2025-21523,0.00049
CVE-2025-21524,0.00174
CVE-2025-21525,0.00053
CVE-2025-21526,0.00014
CVE-2025-21527,0.00034
CVE-2025-21528,0.00017
CVE-2025-21529,0.00053
CVE-2025-21530,0.00034
CVE-2025-21531,0.00053
CVE-2025-21532,0.00031
CVE-2025-21533,0.00022
CVE-2025-21534,0.00053
CVE-2025-21535,0.00198
CVE-2025-21536,0.00053
CVE-2025-21537,0.00031
CVE-2025-21538,0.00016
CVE-2025-21539,0.00031
CVE-2025-21540,0.00031
CVE-2025-21541,0.00031
CVE-2025-21542,0.00018
CVE-2025-21543,0.00053
CVE-2025-21544,0.00028
CVE-2025-21545,0.00067
CVE-2025-21546,0.00034
CVE-2025-21547,0.00079
CVE-2025-21548,0.00042
CVE-2025-21549,0.00053
CVE-2025-21550,0.00015
CVE-2025-21551,0.00016
CVE-2025-21552,0.00043
CVE-2025-21553,0.00031
CVE-2025-21554,0.00041
CVE-2025-21555,0.00049
CVE-2025-21556,0.00143
CVE-2025-21557,0.00028
CVE-2025-21558,0.00028
CVE-2025-21559,0.00049
CVE-2025-21560,0.00046
CVE-2025-21561,0.00031
CVE-2025-21562,0.00035
CVE-2025-21563,0.00033
CVE-2025-21564,0.00079
CVE-2025-21565,0.00062
CVE-2025-21566,0.00061
CVE-2025-21567,0.00033
CVE-2025-21568,0.0004
CVE-2025-21569,0.00107
CVE-2025-21570,0.00034
CVE-2025-21571,0.00015
CVE-2025-21573,0.00075
CVE-2025-21574,0.0004
CVE-2025-21575,0.0004
CVE-2025-21576,0.00027
CVE-2025-21577,0.0004
CVE-2025-21578,0.00029
CVE-2025-21579,0.0004
CVE-2025-21580,0.0004
CVE-2025-21581,0.00044
CVE-2025-21582,0.00029
CVE-2025-21583,0.00044
CVE-2025-21584,0.00044
CVE-2025-21585,0.00044
CVE-2025-21586,0.00027
CVE-2025-21587,0.00062
CVE-2025-21588,0.0004
CVE-2025-21590,0.05524
CVE-2025-21591,0.00018
CVE-2025-21592,0.00014
CVE-2025-21593,0.00021
CVE-2025-21594,0.00052
CVE-2025-21595,0.0002
CVE-2025-21596,0.00018
CVE-2025-21597,0.00064
CVE-2025-21598,0.00059
CVE-2025-21599,0.00059
CVE-2025-21600,0.00021
CVE-2025-21601,0.00061
CVE-2025-21602,0.00021
CVE-2025-21603,0.00036
CVE-2025-21604,0.00039
CVE-2025-21606,0.00041
CVE-2025-21607,0.00089
CVE-2025-21608,0.0003
CVE-2025-21609,0.00118
CVE-2025-21610,0.00082
CVE-2025-21611,0.0007
CVE-2025-21612,0.00139
CVE-2025-21613,0.00115
CVE-2025-21614,0.00097
CVE-2025-21615,0.00024
CVE-2025-21616,0.00052
CVE-2025-21617,0.00105
CVE-2025-21618,0.00057
CVE-2025-21619,0.00039
CVE-2025-21620,0.00067
CVE-2025-21622,0.00164
CVE-2025-21623,0.01378
CVE-2025-21624,0.03171
CVE-2025-21626,0.00081
CVE-2025-21627,0.00067
CVE-2025-21628,0.00069
CVE-2025-21629,0.0003
CVE-2025-21631,0.00021
CVE-2025-21632,0.00028
CVE-2025-21633,0.00019
CVE-2025-21634,0.00019
CVE-2025-21635,0.00019
CVE-2025-21636,0.00031
CVE-2025-21637,0.00031
CVE-2025-21638,0.00031
CVE-2025-21639,0.00031
CVE-2025-21640,0.00031
CVE-2025-21641,0.00019
CVE-2025-21642,0.00021
CVE-2025-21643,0.00025
CVE-2025-21644,0.00019
CVE-2025-21645,0.00028
CVE-2025-21646,0.00069
CVE-2025-21647,0.00069
CVE-2025-21648,0.00069
CVE-2025-21649,0.00019
CVE-2025-21650,0.00019
CVE-2025-21651,0.00025
CVE-2025-21652,0.00028
CVE-2025-21653,0.00069
CVE-2025-21654,0.00028
CVE-2025-21655,0.00044
CVE-2025-21656,0.0003
CVE-2025-21657,0.00026
CVE-2025-21658,0.00021
CVE-2025-21659,0.00031
CVE-2025-21660,0.00037
CVE-2025-21661,0.00019
CVE-2025-21662,0.00037
CVE-2025-21663,0.0003
CVE-2025-21664,0.00069
CVE-2025-21665,0.00031
CVE-2025-21666,0.00031
CVE-2025-21667,0.00026
CVE-2025-21668,0.0004
CVE-2025-21669,0.00031
CVE-2025-21670,0.00022
CVE-2025-21671,0.00022
CVE-2025-21672,0.00015
CVE-2025-21673,0.00022
CVE-2025-21674,0.00017
CVE-2025-21675,0.00027
CVE-2025-21676,0.00022
CVE-2025-21677,0.00027
CVE-2025-21678,0.00069
CVE-2025-21679,0.00027
CVE-2025-21680,0.00021
CVE-2025-21681,0.00032
CVE-2025-21682,0.00019
CVE-2025-21683,0.00031
CVE-2025-21684,7e-05
CVE-2025-21685,0.00016
CVE-2025-21686,0.0003
CVE-2025-21687,0.00028
CVE-2025-21688,0.00021
CVE-2025-21689,0.00021
CVE-2025-21690,0.00025
CVE-2025-21691,0.00032
CVE-2025-21692,0.00022
CVE-2025-21693,0.0002
CVE-2025-21694,0.00021
CVE-2025-21695,0.00019
CVE-2025-21696,0.00019
CVE-2025-21697,0.00021
CVE-2025-21699,0.00021
CVE-2025-21700,0.00022
CVE-2025-21701,0.00072
CVE-2025-21702,0.001
CVE-2025-21703,0.00022
CVE-2025-21704,0.00116
CVE-2025-21705,0.0005
CVE-2025-21706,0.0005
CVE-2025-21707,0.0003
CVE-2025-21708,0.00086
CVE-2025-21709,0.00027
CVE-2025-21710,0.0003
CVE-2025-21711,0.0003
CVE-2025-21712,0.0005
CVE-2025-21713,0.00021
CVE-2025-21714,0.00021
CVE-2025-21715,0.00026
CVE-2025-21716,0.0003
CVE-2025-21717,0.00027
CVE-2025-21718,0.0002
CVE-2025-21719,0.00086
CVE-2025-21720,0.0003
CVE-2025-21721,0.00086
CVE-2025-21722,0.00021
CVE-2025-21723,0.00022
CVE-2025-21724,0.0005
CVE-2025-21725,0.0005
CVE-2025-21726,0.00021
CVE-2025-21727,0.00021
CVE-2025-21728,0.00086
CVE-2025-21729,0.00021
CVE-2025-21730,0.00028
CVE-2025-21731,0.00026
CVE-2025-21732,0.00028
CVE-2025-21733,0.0003
CVE-2025-21734,0.0005
CVE-2025-21735,0.0003
CVE-2025-21736,0.00037
CVE-2025-21737,0.00021
CVE-2025-21738,0.0005
CVE-2025-21739,0.00021
CVE-2025-21741,0.00021
CVE-2025-21742,0.00021
CVE-2025-21743,0.00021
CVE-2025-21744,0.00037
CVE-2025-21745,0.0003
CVE-2025-21746,0.0003
CVE-2025-21747,0.00027
CVE-2025-21748,0.00036
CVE-2025-21749,0.00029
CVE-2025-21750,0.00038
CVE-2025-21751,0.0002
CVE-2025-21752,0.00027
CVE-2025-21753,0.00026
CVE-2025-21754,0.0003
CVE-2025-21756,0.00026
CVE-2025-21758,0.00078
CVE-2025-21759,0.00021
CVE-2025-21760,0.00026
CVE-2025-21761,0.00026
CVE-2025-21762,0.00026
CVE-2025-21763,0.00026
CVE-2025-21764,0.00026
CVE-2025-21765,0.00086
CVE-2025-21766,0.00078
CVE-2025-21767,0.00078
CVE-2025-21768,0.00028
CVE-2025-21769,0.0002
CVE-2025-21770,0.00021
CVE-2025-21771,0.00028
CVE-2025-21772,0.00086
CVE-2025-21773,0.00021
CVE-2025-21774,0.00021
CVE-2025-21775,0.0003
CVE-2025-21776,0.00037
CVE-2025-21777,0.00028
CVE-2025-21778,0.00028
CVE-2025-21779,0.0003
CVE-2025-21780,0.00021
CVE-2025-21781,0.00086
CVE-2025-21782,0.00028
CVE-2025-21783,0.00021
CVE-2025-21784,0.0003
CVE-2025-21785,0.00028
CVE-2025-21786,0.00021
CVE-2025-21787,0.00037
CVE-2025-21788,0.00021
CVE-2025-21789,0.00021
CVE-2025-21790,0.0003
CVE-2025-21791,0.00023
CVE-2025-21792,0.00021
CVE-2025-21793,0.00021
CVE-2025-21794,0.00021
CVE-2025-21795,0.00047
CVE-2025-21796,0.00021
CVE-2025-21797,0.0002
CVE-2025-21798,0.00021
CVE-2025-21799,0.00047
CVE-2025-21800,0.00028
CVE-2025-21801,0.00028
CVE-2025-21802,0.00047
CVE-2025-21803,0.00028
CVE-2025-21804,0.00047
CVE-2025-21805,0.00028
CVE-2025-21806,0.00052
CVE-2025-21807,0.00027
CVE-2025-21808,0.0003
CVE-2025-21809,0.00016
CVE-2025-21810,0.0003
CVE-2025-21811,0.00021
CVE-2025-21812,0.00021
CVE-2025-21813,0.00028
CVE-2025-21814,0.00021
CVE-2025-21815,0.00028
CVE-2025-21816,0.00028
CVE-2025-21817,0.00027
CVE-2025-21819,0.0003
CVE-2025-21820,0.00016
CVE-2025-21821,0.0003
CVE-2025-21822,0.00027
CVE-2025-21823,0.00052
CVE-2025-21824,0.00021
CVE-2025-21825,0.00027
CVE-2025-21826,0.00045
CVE-2025-21827,0.00027
CVE-2025-21828,0.00028
CVE-2025-21829,0.00029
CVE-2025-21830,0.00045
CVE-2025-21831,0.00028
CVE-2025-21832,0.00029
CVE-2025-21833,0.00017
CVE-2025-21834,0.00027
CVE-2025-21835,0.00049
CVE-2025-21836,0.00028
CVE-2025-21837,0.00025
CVE-2025-21838,0.0005
CVE-2025-21839,0.00027
CVE-2025-21840,0.00025
CVE-2025-21841,0.00027
CVE-2025-21842,0.00025
CVE-2025-21843,0.00017
CVE-2025-21844,0.00026
CVE-2025-21845,0.00018
CVE-2025-21846,0.00032
CVE-2025-21847,0.00018
CVE-2025-21848,0.00035
CVE-2025-21849,0.00018
CVE-2025-21850,0.00017
CVE-2025-21851,0.00017
CVE-2025-21852,0.00018
CVE-2025-21853,0.00027
CVE-2025-21854,0.00018
CVE-2025-21855,0.0002
CVE-2025-21856,0.00018
CVE-2025-21857,0.00018
CVE-2025-21858,0.00024
CVE-2025-21859,0.00029
CVE-2025-21860,0.00017
CVE-2025-21861,0.00018
CVE-2025-21862,0.00035
CVE-2025-21863,0.0002
CVE-2025-21864,0.00026
CVE-2025-21865,0.00032
CVE-2025-21866,0.00032
CVE-2025-21867,0.00013
CVE-2025-21868,0.00024
CVE-2025-21869,0.00024
CVE-2025-21870,0.00024
CVE-2025-21871,0.00061
CVE-2025-21872,0.00026
CVE-2025-21873,0.00025
CVE-2025-21874,0.00024
CVE-2025-21875,0.00061
CVE-2025-21876,0.00024
CVE-2025-21877,0.00061
CVE-2025-21878,0.00061
CVE-2025-21879,0.00017
CVE-2025-21880,0.00024
CVE-2025-21881,0.00045
CVE-2025-21882,0.00026
CVE-2025-21883,0.00028
CVE-2025-21884,0.00026
CVE-2025-21885,0.00024
CVE-2025-21886,0.00024
CVE-2025-21887,0.00012
CVE-2025-21888,0.00024
CVE-2025-21889,0.00025
CVE-2025-21890,0.00024
CVE-2025-21891,0.00024
CVE-2025-21892,0.00027
CVE-2025-21893,0.00015
CVE-2025-21894,0.00025
CVE-2025-21895,0.00025
CVE-2025-21896,0.00026
CVE-2025-21897,0.00024
CVE-2025-21898,0.00056
CVE-2025-21899,0.00045
CVE-2025-21900,0.00022
CVE-2025-21901,0.00022
CVE-2025-21902,0.00024
CVE-2025-21903,0.00024
CVE-2025-21904,0.00056
CVE-2025-21905,0.00056
CVE-2025-21906,0.00024
CVE-2025-21907,0.00024
CVE-2025-21908,0.00023
CVE-2025-21909,0.00061
CVE-2025-21910,0.00061
CVE-2025-21911,0.00022
CVE-2025-21912,0.00056
CVE-2025-21913,0.00045
CVE-2025-21914,0.00061
CVE-2025-21915,0.00023
CVE-2025-21916,0.00061
CVE-2025-21917,0.00033
CVE-2025-21918,0.00024
CVE-2025-21919,0.00032
CVE-2025-21920,0.00032
CVE-2025-21921,0.00024
CVE-2025-21922,0.00032
CVE-2025-21923,0.00023
CVE-2025-21924,0.00061
CVE-2025-21925,0.00061
CVE-2025-21926,0.00061
CVE-2025-21927,0.00022
CVE-2025-21928,0.00032
CVE-2025-21929,0.00022
CVE-2025-21930,0.00022
CVE-2025-21931,0.00024
CVE-2025-21932,0.00024
CVE-2025-21933,0.00024
CVE-2025-21934,0.00032
CVE-2025-21935,0.00061
CVE-2025-21936,0.00024
CVE-2025-21937,0.00024
CVE-2025-21938,0.00045
CVE-2025-21939,0.00024
CVE-2025-21940,0.00022
CVE-2025-21941,0.00024
CVE-2025-21942,0.00026
CVE-2025-21943,0.00032
CVE-2025-21944,0.00045
CVE-2025-21945,0.00024
CVE-2025-21946,0.00025
CVE-2025-21947,0.00024
CVE-2025-21948,0.00032
CVE-2025-21949,0.00024
CVE-2025-21950,0.00061
CVE-2025-21951,0.00032
CVE-2025-21952,0.00026
CVE-2025-21953,0.00024
CVE-2025-21954,0.00024
CVE-2025-21955,0.00025
CVE-2025-21956,0.00061
CVE-2025-21957,0.00032
CVE-2025-21958,0.00024
CVE-2025-21959,0.00032
CVE-2025-21960,0.00045
CVE-2025-21961,0.00022
CVE-2025-21962,0.00032
CVE-2025-21963,0.00032
CVE-2025-21964,0.00032
CVE-2025-21965,0.00024
CVE-2025-21966,0.00023
CVE-2025-21967,0.00023
CVE-2025-21968,0.00032
CVE-2025-21969,0.00023
CVE-2025-21970,0.00061
CVE-2025-21971,0.00061
CVE-2025-21972,0.00024
CVE-2025-21973,0.00024
CVE-2025-21974,0.00024
CVE-2025-21975,0.00061
CVE-2025-21976,0.00024
CVE-2025-21977,0.00024
CVE-2025-21978,0.00045
CVE-2025-21979,0.00024
CVE-2025-21980,0.00024
CVE-2025-21981,0.00024
CVE-2025-21982,0.00022
CVE-2025-21983,0.00024
CVE-2025-21984,0.00022
CVE-2025-21985,0.00024
CVE-2025-21986,0.00045
CVE-2025-21987,0.00024
CVE-2025-21988,0.00026
CVE-2025-21989,0.00022
CVE-2025-21990,0.00022
CVE-2025-21991,0.00024
CVE-2025-21992,0.00075
CVE-2025-21993,0.00024
CVE-2025-21994,0.00061
CVE-2025-21995,0.00023
CVE-2025-21996,0.00032
CVE-2025-21997,0.00024
CVE-2025-21998,0.00022
CVE-2025-21999,0.00015
CVE-2025-22000,0.00022
CVE-2025-22001,0.00023
CVE-2025-22002,0.00022
CVE-2025-22003,0.00023
CVE-2025-22004,0.00015
CVE-2025-22005,0.00024
CVE-2025-22006,0.00022
CVE-2025-22007,0.00024
CVE-2025-22008,0.00032
CVE-2025-22009,0.00018
CVE-2025-22010,0.00018
CVE-2025-22011,0.00017
CVE-2025-22012,0.00018
CVE-2025-22013,0.00032
CVE-2025-22014,0.00018
CVE-2025-22015,0.00024
CVE-2025-22016,0.00022
CVE-2025-22017,0.00022
CVE-2025-22018,0.00043
CVE-2025-22019,0.00018
CVE-2025-22020,0.00043
CVE-2025-22021,0.00043
CVE-2025-22022,0.00023
CVE-2025-22023,0.00023
CVE-2025-22129,0.0004
CVE-2025-22130,0.00079
CVE-2025-22131,0.00036
CVE-2025-22132,0.00071
CVE-2025-22133,0.00151
CVE-2025-22134,0.00022
CVE-2025-22136,0.00109
CVE-2025-22137,0.00119
CVE-2025-22138,0.00061
CVE-2025-22139,0.00068
CVE-2025-22140,0.00042
CVE-2025-22141,0.00042
CVE-2025-22142,0.00068
CVE-2025-22143,0.00036
CVE-2025-22144,0.00043
CVE-2025-22145,0.00091
CVE-2025-22146,0.00052
CVE-2025-22149,0.00086
CVE-2025-22150,0.00094
CVE-2025-22151,0.00043
CVE-2025-22152,0.00106
CVE-2025-22153,0.0006
CVE-2025-22204,0.00326
CVE-2025-22205,0.00073
CVE-2025-22206,0.00039
CVE-2025-22207,0.00038
CVE-2025-22208,0.00039
CVE-2025-22209,0.00039
CVE-2025-22210,0.00048
CVE-2025-22211,0.00028
CVE-2025-22212,0.00032
CVE-2025-22213,0.00051
CVE-2025-22214,0.00038
CVE-2025-22215,0.00047
CVE-2025-22216,0.0003
CVE-2025-22217,0.00063
CVE-2025-22218,0.00134
CVE-2025-22219,0.00111
CVE-2025-22220,0.00049
CVE-2025-22221,0.00117
CVE-2025-22222,0.001
CVE-2025-22223,0.00039
CVE-2025-22224,0.55806
CVE-2025-22225,0.11787
CVE-2025-22226,0.09603
CVE-2025-22228,0.00048
CVE-2025-22230,0.00032
CVE-2025-22231,0.0002
CVE-2025-22232,0.00037
CVE-2025-22260,0.00034
CVE-2025-22261,0.00046
CVE-2025-22262,0.00043
CVE-2025-22263,0.00036
CVE-2025-22264,0.00047
CVE-2025-22265,0.00059
CVE-2025-22267,0.00046
CVE-2025-22268,0.00034
CVE-2025-22269,0.00034
CVE-2025-22270,0.00095
CVE-2025-22271,0.00062
CVE-2025-22272,0.00065
CVE-2025-22273,0.00067
CVE-2025-22274,0.00065
CVE-2025-22275,0.00087
CVE-2025-22276,0.00043
CVE-2025-22277,0.00068
CVE-2025-22278,0.00039
CVE-2025-22279,0.00127
CVE-2025-22280,0.00046
CVE-2025-22281,0.00039
CVE-2025-22282,0.00039
CVE-2025-22283,0.00039
CVE-2025-22284,0.00047
CVE-2025-22285,0.00054
CVE-2025-22286,0.00047
CVE-2025-22289,0.00059
CVE-2025-22290,0.0005
CVE-2025-22291,0.00044
CVE-2025-22292,0.00046
CVE-2025-22293,0.00046
CVE-2025-22294,0.00047
CVE-2025-22295,0.00047
CVE-2025-22296,0.00046
CVE-2025-22297,0.00021
CVE-2025-22298,0.00036
CVE-2025-22299,0.00036
CVE-2025-22300,0.00021
CVE-2025-22301,0.00021
CVE-2025-22302,0.00044
CVE-2025-22303,0.00049
CVE-2025-22304,0.00036
CVE-2025-22305,0.00055
CVE-2025-22306,0.00043
CVE-2025-22307,0.00047
CVE-2025-22308,0.00046
CVE-2025-22309,0.00046
CVE-2025-22310,0.00046
CVE-2025-22311,0.00141
CVE-2025-22312,0.00046
CVE-2025-22313,0.00047
CVE-2025-22314,0.00047
CVE-2025-22315,0.00046
CVE-2025-22316,0.00033
CVE-2025-22317,0.00047
CVE-2025-22318,0.00044
CVE-2025-22319,0.00036
CVE-2025-22320,0.00047
CVE-2025-22321,0.00046
CVE-2025-22322,0.00047
CVE-2025-22323,0.00046
CVE-2025-22324,0.00047
CVE-2025-22325,0.0002
CVE-2025-22326,0.00047
CVE-2025-22327,0.00046
CVE-2025-22328,0.0002
CVE-2025-22329,0.00046
CVE-2025-22330,0.00047
CVE-2025-22331,0.00047
CVE-2025-22332,0.00047
CVE-2025-22333,0.00046
CVE-2025-22334,0.00046
CVE-2025-22335,0.00047
CVE-2025-22336,0.0002
CVE-2025-22337,0.00047
CVE-2025-22338,0.00047
CVE-2025-22339,0.00046
CVE-2025-22341,0.00047
CVE-2025-22342,0.0002
CVE-2025-22343,0.0002
CVE-2025-22344,0.00047
CVE-2025-22345,0.00047
CVE-2025-22346,0.00034
CVE-2025-22347,0.00025
CVE-2025-22348,0.00048
CVE-2025-22349,0.00047
CVE-2025-22350,0.00047
CVE-2025-22351,0.00047
CVE-2025-22352,0.01208
CVE-2025-22353,0.00047
CVE-2025-22354,0.00046
CVE-2025-22355,0.00047
CVE-2025-22356,0.00039
CVE-2025-22357,0.00047
CVE-2025-22358,0.00047
CVE-2025-22359,0.00047
CVE-2025-22360,0.00039
CVE-2025-22361,0.00047
CVE-2025-22362,0.00046
CVE-2025-22363,0.00044
CVE-2025-22364,0.00141
CVE-2025-22365,0.00046
CVE-2025-22366,0.00086
CVE-2025-22367,0.00086
CVE-2025-22368,0.00086
CVE-2025-22369,0.0005
CVE-2025-22370,0.00056
CVE-2025-22371,0.00286
CVE-2025-22372,0.00021
CVE-2025-22373,0.00059
CVE-2025-22374,0.00051
CVE-2025-22375,0.00098
CVE-2025-22376,0.00206
CVE-2025-22383,0.00054
CVE-2025-22384,0.00067
CVE-2025-22385,0.00088
CVE-2025-22386,0.00053
CVE-2025-22387,0.00063
CVE-2025-22388,0.00064
CVE-2025-22389,0.00088
CVE-2025-22390,0.00069
CVE-2025-22394,0.00013
CVE-2025-22395,0.00016
CVE-2025-22398,0.01559
CVE-2025-22399,0.0003
CVE-2025-22402,0.00036
CVE-2025-22443,0.00015
CVE-2025-22445,0.00036
CVE-2025-22447,0.00014
CVE-2025-22449,0.00028
CVE-2025-22450,0.0005
CVE-2025-22452,0.00015
CVE-2025-22454,0.00024
CVE-2025-22457,0.24069
CVE-2025-22458,0.00034
CVE-2025-22459,0.00048
CVE-2025-22461,0.00276
CVE-2025-22464,0.00031
CVE-2025-22465,0.00046
CVE-2025-22466,0.00062
CVE-2025-22467,0.06878
CVE-2025-22471,0.00067
CVE-2025-22472,0.00045
CVE-2025-22473,0.00045
CVE-2025-22474,0.00043
CVE-2025-22475,0.00027
CVE-2025-22480,0.00018
CVE-2025-22491,0.00028
CVE-2025-22492,0.00018
CVE-2025-22493,8e-05
CVE-2025-22495,0.00069
CVE-2025-22496,0.00036
CVE-2025-22497,0.00035
CVE-2025-22498,0.00047
CVE-2025-22499,0.00047
CVE-2025-22500,0.00046
CVE-2025-22501,0.00039
CVE-2025-22502,0.00047
CVE-2025-22503,0.00021
CVE-2025-22504,0.00071
CVE-2025-22505,0.00048
CVE-2025-22506,0.00047
CVE-2025-22507,0.00047
CVE-2025-22508,0.00162
CVE-2025-22510,0.17889
CVE-2025-22511,0.00046
CVE-2025-22512,0.0004
CVE-2025-22513,0.00047
CVE-2025-22514,0.00047
CVE-2025-22515,0.00046
CVE-2025-22516,0.00046
CVE-2025-22517,0.00046
CVE-2025-22518,0.00046
CVE-2025-22519,0.00048
CVE-2025-22520,0.0002
CVE-2025-22521,0.00047
CVE-2025-22522,0.00047
CVE-2025-22523,0.00043
CVE-2025-22524,0.00046
CVE-2025-22525,0.00046
CVE-2025-22526,0.00058
CVE-2025-22527,0.00047
CVE-2025-22528,0.00046
CVE-2025-22529,0.00046
CVE-2025-22530,0.00046
CVE-2025-22531,0.00046
CVE-2025-22532,0.00046
CVE-2025-22533,0.00047
CVE-2025-22534,0.00048
CVE-2025-22535,0.00048
CVE-2025-22536,0.00047
CVE-2025-22537,0.00048
CVE-2025-22538,0.0002
CVE-2025-22539,0.00047
CVE-2025-22540,0.0005
CVE-2025-22541,0.00048
CVE-2025-22542,0.0005
CVE-2025-22543,0.00048
CVE-2025-22544,0.00046
CVE-2025-22545,0.00046
CVE-2025-22546,0.00046
CVE-2025-22547,0.00047
CVE-2025-22548,0.00047
CVE-2025-22549,0.00046
CVE-2025-22550,0.00046
CVE-2025-22551,0.00046
CVE-2025-22552,0.0002
CVE-2025-22553,0.0005
CVE-2025-22554,0.00046
CVE-2025-22555,0.0002
CVE-2025-22556,0.0002
CVE-2025-22557,0.0002
CVE-2025-22558,0.00046
CVE-2025-22559,0.0002
CVE-2025-22560,0.00044
CVE-2025-22561,0.00036
CVE-2025-22562,0.0002
CVE-2025-22563,0.00021
CVE-2025-22564,0.00047
CVE-2025-22566,0.00039
CVE-2025-22567,0.00047
CVE-2025-22568,0.00047
CVE-2025-22569,0.00047
CVE-2025-22570,0.00047
CVE-2025-22571,0.0002
CVE-2025-22572,0.00046
CVE-2025-22573,0.00046
CVE-2025-22574,0.00046
CVE-2025-22575,0.00039
CVE-2025-22576,0.00047
CVE-2025-22577,0.00046
CVE-2025-22578,0.00045
CVE-2025-22579,0.00045
CVE-2025-22580,0.00046
CVE-2025-22581,0.00046
CVE-2025-22582,0.0002
CVE-2025-22583,0.00047
CVE-2025-22584,0.00046
CVE-2025-22585,0.00046
CVE-2025-22586,0.00047
CVE-2025-22587,0.00046
CVE-2025-22588,0.00047
CVE-2025-22589,0.0002
CVE-2025-22590,0.0002
CVE-2025-22591,0.00036
CVE-2025-22592,0.00053
CVE-2025-22593,0.00047
CVE-2025-22594,0.00047
CVE-2025-22595,0.00047
CVE-2025-22596,0.00045
CVE-2025-22597,0.00061
CVE-2025-22598,0.00061
CVE-2025-22599,0.00051
CVE-2025-22600,0.00051
CVE-2025-22601,0.00051
CVE-2025-22602,0.00065
CVE-2025-22603,0.00063
CVE-2025-22604,0.26699
CVE-2025-22605,0.00092
CVE-2025-22606,0.00035
CVE-2025-22607,0.00016
CVE-2025-22608,0.00056
CVE-2025-22609,0.00093
CVE-2025-22610,0.00048
CVE-2025-22611,0.00054
CVE-2025-22612,0.00093
CVE-2025-22613,0.00068
CVE-2025-22614,0.00036
CVE-2025-22615,0.00035
CVE-2025-22616,0.00036
CVE-2025-22617,0.00035
CVE-2025-22618,0.00036
CVE-2025-22619,0.00035
CVE-2025-22620,0.00226
CVE-2025-22621,0.00037
CVE-2025-22622,0.00043
CVE-2025-22623,0.00065
CVE-2025-22624,0.00068
CVE-2025-22628,0.00039
CVE-2025-22629,0.00039
CVE-2025-22630,0.00361
CVE-2025-22631,0.00047
CVE-2025-22632,0.00047
CVE-2025-22633,0.00043
CVE-2025-22634,0.00018
CVE-2025-22635,0.00047
CVE-2025-22637,0.00017
CVE-2025-22638,0.00035
CVE-2025-22639,0.00048
CVE-2025-22640,0.00036
CVE-2025-22641,0.00045
CVE-2025-22642,0.00046
CVE-2025-22643,0.00036
CVE-2025-22644,0.00035
CVE-2025-22645,0.00091
CVE-2025-22646,0.00035
CVE-2025-22647,0.00031
CVE-2025-22648,0.00035
CVE-2025-22649,0.00033
CVE-2025-22650,0.00046
CVE-2025-22652,0.00116
CVE-2025-22653,0.00046
CVE-2025-22654,0.00938
CVE-2025-22656,0.00162
CVE-2025-22657,0.00064
CVE-2025-22658,0.00017
CVE-2025-22659,0.00035
CVE-2025-22660,0.00035
CVE-2025-22661,0.00046
CVE-2025-22662,0.00046
CVE-2025-22663,0.00075
CVE-2025-22664,0.00045
CVE-2025-22665,0.00031
CVE-2025-22667,0.00031
CVE-2025-22668,0.00054
CVE-2025-22669,0.00017
CVE-2025-22670,0.00054
CVE-2025-22671,0.00031
CVE-2025-22672,0.00029
CVE-2025-22673,0.00029
CVE-2025-22674,0.00046
CVE-2025-22675,0.00046
CVE-2025-22676,0.00046
CVE-2025-22677,0.00042
CVE-2025-22679,0.00047
CVE-2025-22680,0.00047
CVE-2025-22681,0.00036
CVE-2025-22682,0.00047
CVE-2025-22683,0.00046
CVE-2025-22684,0.00047
CVE-2025-22685,0.0002
CVE-2025-22686,0.00044
CVE-2025-22688,0.0002
CVE-2025-22689,0.00046
CVE-2025-22690,0.0002
CVE-2025-22691,0.00047
CVE-2025-22693,0.00048
CVE-2025-22694,0.00036
CVE-2025-22695,0.00036
CVE-2025-22696,0.00048
CVE-2025-22697,0.00038
CVE-2025-22698,0.00046
CVE-2025-22699,0.00051
CVE-2025-22700,0.0005
CVE-2025-22701,0.00042
CVE-2025-22702,0.00046
CVE-2025-22703,0.0002
CVE-2025-22704,0.00021
CVE-2025-22705,0.0002
CVE-2025-22706,0.00047
CVE-2025-22709,0.00047
CVE-2025-22710,0.09249
CVE-2025-22711,0.00047
CVE-2025-22714,0.00047
CVE-2025-22716,0.0005
CVE-2025-22717,0.00053
CVE-2025-22718,0.00046
CVE-2025-22719,0.00047
CVE-2025-22720,0.00044
CVE-2025-22721,0.00034
CVE-2025-22722,0.00036
CVE-2025-22723,0.00068
CVE-2025-22724,0.00046
CVE-2025-22727,0.00046
CVE-2025-22729,0.00036
CVE-2025-22730,0.00059
CVE-2025-22731,0.00021
CVE-2025-22732,0.00046
CVE-2025-22733,0.00047
CVE-2025-22734,0.00045
CVE-2025-22735,0.00047
CVE-2025-22736,0.00057
CVE-2025-22737,0.00044
CVE-2025-22738,0.00039
CVE-2025-22739,0.0004
CVE-2025-22740,0.0004
CVE-2025-22742,0.00046
CVE-2025-22743,0.00046
CVE-2025-22744,0.00046
CVE-2025-22745,0.00046
CVE-2025-22746,0.00046
CVE-2025-22747,0.00046
CVE-2025-22748,0.00046
CVE-2025-22749,0.00046
CVE-2025-22750,0.00047
CVE-2025-22751,0.00047
CVE-2025-22752,0.00041
CVE-2025-22753,0.00047
CVE-2025-22754,0.00047
CVE-2025-22755,0.00047
CVE-2025-22757,0.00038
CVE-2025-22758,0.00046
CVE-2025-22759,0.00038
CVE-2025-22760,0.00041
CVE-2025-22761,0.00046
CVE-2025-22762,0.00045
CVE-2025-22763,0.00047
CVE-2025-22764,0.00047
CVE-2025-22765,0.00047
CVE-2025-22766,0.00047
CVE-2025-22767,0.00039
CVE-2025-22768,0.0002
CVE-2025-22769,0.00046
CVE-2025-22770,0.00042
CVE-2025-22772,0.00047
CVE-2025-22773,0.00043
CVE-2025-22775,0.00047
CVE-2025-22776,0.00047
CVE-2025-22777,0.00175
CVE-2025-22778,0.00047
CVE-2025-22779,0.00036
CVE-2025-22780,0.00046
CVE-2025-22781,0.00046
CVE-2025-22782,0.0007
CVE-2025-22783,0.0011
CVE-2025-22784,0.00028
CVE-2025-22785,0.00076
CVE-2025-22786,0.00076
CVE-2025-22787,0.0004
CVE-2025-22788,0.00045
CVE-2025-22793,0.00047
CVE-2025-22794,0.00047
CVE-2025-22795,0.00047
CVE-2025-22797,0.00046
CVE-2025-22798,0.00046
CVE-2025-22799,0.00048
CVE-2025-22800,0.00048
CVE-2025-22801,0.00046
CVE-2025-22802,0.00046
CVE-2025-22803,0.00046
CVE-2025-22804,0.00046
CVE-2025-22805,0.00046
CVE-2025-22806,0.00038
CVE-2025-22807,0.00046
CVE-2025-22808,0.00046
CVE-2025-22809,0.00046
CVE-2025-22810,0.00046
CVE-2025-22811,0.00046
CVE-2025-22812,0.00046
CVE-2025-22813,0.00046
CVE-2025-22814,0.0002
CVE-2025-22815,0.00038
CVE-2025-22816,0.00034
CVE-2025-22817,0.00046
CVE-2025-22818,0.00046
CVE-2025-22819,0.00046
CVE-2025-22820,0.00046
CVE-2025-22821,0.00046
CVE-2025-22822,0.00046
CVE-2025-22823,0.00046
CVE-2025-22824,0.00046
CVE-2025-22825,0.00046
CVE-2025-22826,0.00046
CVE-2025-22827,0.00046
CVE-2025-22828,0.06378
CVE-2025-22835,0.00015
CVE-2025-22837,0.00015
CVE-2025-22841,0.00015
CVE-2025-22842,0.00015
CVE-2025-22846,0.00112
CVE-2025-22847,0.00015
CVE-2025-22851,0.00014
CVE-2025-22855,0.00039
CVE-2025-22865,0.0007
CVE-2025-22866,8e-05
CVE-2025-22867,0.00095
CVE-2025-22868,0.00121
CVE-2025-22869,0.00099
CVE-2025-22870,0.00021
CVE-2025-22871,0.00024
CVE-2025-22880,0.00019
CVE-2025-22881,0.00022
CVE-2025-22888,0.00038
CVE-2025-22890,0.00017
CVE-2025-22891,0.00112
CVE-2025-22894,0.00017
CVE-2025-22896,0.31173
CVE-2025-22897,0.00015
CVE-2025-22900,0.00194
CVE-2025-22903,0.00088
CVE-2025-22904,0.00079
CVE-2025-22905,0.00554
CVE-2025-22906,0.01202
CVE-2025-22907,0.00079
CVE-2025-22911,0.00049
CVE-2025-22912,0.01202
CVE-2025-22913,0.00071
CVE-2025-22916,0.00079
CVE-2025-22917,0.00042
CVE-2025-22918,0.00039
CVE-2025-22919,0.00098
CVE-2025-22920,0.00052
CVE-2025-22921,0.00073
CVE-2025-22923,0.00396
CVE-2025-22924,0.00039
CVE-2025-22925,0.00108
CVE-2025-22926,0.00415
CVE-2025-22927,0.0038
CVE-2025-22928,0.00044
CVE-2025-22929,0.00044
CVE-2025-22930,0.00044
CVE-2025-22931,0.00064
CVE-2025-22936,0.00077
CVE-2025-22937,0.00059
CVE-2025-22938,0.00059
CVE-2025-22939,0.00336
CVE-2025-22940,0.00043
CVE-2025-22941,0.00321
CVE-2025-22946,0.00299
CVE-2025-22949,0.00968
CVE-2025-22952,0.34991
CVE-2025-22953,0.00301
CVE-2025-22954,0.01865
CVE-2025-22957,0.00154
CVE-2025-22960,0.00159
CVE-2025-22961,0.00136
CVE-2025-22962,0.00199
CVE-2025-22963,0.0003
CVE-2025-22964,0.06381
CVE-2025-22968,0.05024
CVE-2025-22973,0.00056
CVE-2025-22974,0.00254
CVE-2025-22976,0.00028
CVE-2025-22978,0.0008
CVE-2025-22980,0.00041
CVE-2025-22983,0.00079
CVE-2025-22984,0.00079
CVE-2025-22992,0.00051
CVE-2025-22994,0.00041
CVE-2025-22996,0.00044
CVE-2025-22997,0.00044
CVE-2025-23001,0.00045
CVE-2025-23006,0.69997
CVE-2025-23007,0.00014
CVE-2025-23008,0.00013
CVE-2025-23009,0.00013
CVE-2025-23010,0.00011
CVE-2025-23011,0.00265
CVE-2025-23012,0.00061
CVE-2025-23013,0.00054
CVE-2025-23015,0.00092
CVE-2025-23016,0.00024
CVE-2025-23017,0.00067
CVE-2025-23018,0.00044
CVE-2025-23019,0.00044
CVE-2025-23020,0.00132
CVE-2025-23022,0.00019
CVE-2025-23023,0.00027
CVE-2025-23024,0.00039
CVE-2025-23025,0.07834
CVE-2025-23026,0.00048
CVE-2025-23027,0.00029
CVE-2025-23028,0.00071
CVE-2025-23030,0.00035
CVE-2025-23031,0.00036
CVE-2025-23032,0.00036
CVE-2025-23033,0.00036
CVE-2025-23034,0.00035
CVE-2025-23035,0.00036
CVE-2025-23036,0.00068
CVE-2025-23037,0.00068
CVE-2025-23038,0.00036
CVE-2025-23039,0.00041
CVE-2025-23040,0.01508
CVE-2025-23041,0.0009
CVE-2025-23042,0.00059
CVE-2025-23044,0.00024
CVE-2025-23045,0.00075
CVE-2025-23046,0.0007
CVE-2025-23047,0.00047
CVE-2025-23051,0.00071
CVE-2025-23052,0.00267
CVE-2025-23053,0.00038
CVE-2025-23054,0.00038
CVE-2025-23055,0.00036
CVE-2025-23056,0.00036
CVE-2025-23057,0.00036
CVE-2025-23058,0.00068
CVE-2025-23059,0.00059
CVE-2025-23060,0.00039
CVE-2025-23061,0.00127
CVE-2025-23072,0.00041
CVE-2025-23073,0.00036
CVE-2025-23074,0.00036
CVE-2025-23078,0.00045
CVE-2025-23079,0.00041
CVE-2025-23080,0.00045
CVE-2025-23081,0.00039
CVE-2025-23082,0.00081
CVE-2025-23083,0.0002
CVE-2025-23084,0.00025
CVE-2025-23085,0.00067
CVE-2025-23086,0.00047
CVE-2025-23090,0.0002
CVE-2025-23091,0.00024
CVE-2025-23093,0.00081
CVE-2025-23094,0.26852
CVE-2025-23108,0.00035
CVE-2025-23109,0.00032
CVE-2025-23110,0.00041
CVE-2025-23111,0.00041
CVE-2025-23112,0.00039
CVE-2025-23113,0.00024
CVE-2025-23114,0.00107
CVE-2025-23115,0.00291
CVE-2025-23116,0.00169
CVE-2025-23117,0.00013
CVE-2025-23118,0.00015
CVE-2025-23119,0.00121
CVE-2025-23120,0.00611
CVE-2025-23184,0.00288
CVE-2025-23185,0.00036
CVE-2025-23186,0.00053
CVE-2025-23187,0.00065
CVE-2025-23188,0.00028
CVE-2025-23189,0.00036
CVE-2025-23190,0.00034
CVE-2025-23191,0.00039
CVE-2025-23193,0.00037
CVE-2025-23194,0.00075
CVE-2025-23195,0.00063
CVE-2025-23196,0.00366
CVE-2025-23197,0.00075
CVE-2025-23198,8e-05
CVE-2025-23199,8e-05
CVE-2025-23200,0.0001
CVE-2025-23201,4e-05
CVE-2025-23202,0.00146
CVE-2025-23203,0.00043
CVE-2025-23204,0.00063
CVE-2025-23205,0.00069
CVE-2025-23206,0.00029
CVE-2025-23207,0.00071
CVE-2025-23208,0.00054
CVE-2025-23209,0.16124
CVE-2025-23210,0.00066
CVE-2025-23211,0.00148
CVE-2025-23212,0.00047
CVE-2025-23213,0.00043
CVE-2025-23214,0.00061
CVE-2025-23215,0.00031
CVE-2025-23216,0.00058
CVE-2025-23217,0.00336
CVE-2025-23218,0.00053
CVE-2025-23219,0.00053
CVE-2025-23220,0.00053
CVE-2025-23221,0.00073
CVE-2025-23222,0.00021
CVE-2025-23225,0.00054
CVE-2025-23227,0.00035
CVE-2025-23234,0.00015
CVE-2025-23236,0.0002
CVE-2025-23237,0.00223
CVE-2025-23239,0.0025
CVE-2025-23240,0.00015
CVE-2025-23242,0.00051
CVE-2025-23243,0.00054
CVE-2025-23359,0.00199
CVE-2025-23360,0.00017
CVE-2025-23362,0.00046
CVE-2025-23363,0.0006
CVE-2025-23366,0.00048
CVE-2025-23367,0.00061
CVE-2025-23368,0.00096
CVE-2025-23369,0.11724
CVE-2025-23374,0.00046
CVE-2025-23378,0.00013
CVE-2025-23382,0.00033
CVE-2025-23383,0.00071
CVE-2025-23384,0.00048
CVE-2025-23385,2e-05
CVE-2025-23386,0.00011
CVE-2025-23387,0.00113
CVE-2025-23388,0.00052
CVE-2025-23389,0.00066
CVE-2025-23391,0.00047
CVE-2025-23396,0.00021
CVE-2025-23397,0.00017
CVE-2025-23398,0.00017
CVE-2025-23399,0.00017
CVE-2025-23400,0.00017
CVE-2025-23401,0.00017
CVE-2025-23402,0.00017
CVE-2025-23403,0.00017
CVE-2025-23405,0.00058
CVE-2025-23406,0.00033
CVE-2025-23407,0.00037
CVE-2025-23409,0.00015
CVE-2025-23410,0.00102
CVE-2025-23411,0.00021
CVE-2025-23412,0.00112
CVE-2025-23413,0.00049
CVE-2025-23414,0.00015
CVE-2025-23415,0.00037
CVE-2025-23416,0.00094
CVE-2025-23418,0.00015
CVE-2025-23419,0.00095
CVE-2025-23420,0.00015
CVE-2025-23421,0.00028
CVE-2025-23422,0.00057
CVE-2025-23423,0.00036
CVE-2025-23424,0.0002
CVE-2025-23425,0.00041
CVE-2025-23426,0.0002
CVE-2025-23427,0.00047
CVE-2025-23428,0.00047
CVE-2025-23429,0.00047
CVE-2025-23430,0.0002
CVE-2025-23431,0.00047
CVE-2025-23432,0.00047
CVE-2025-23433,0.00041
CVE-2025-23434,0.00046
CVE-2025-23435,0.0002
CVE-2025-23436,0.0002
CVE-2025-23437,0.00041
CVE-2025-23438,0.00047
CVE-2025-23439,0.00041
CVE-2025-23440,0.0004
CVE-2025-23441,0.00041
CVE-2025-23442,0.0002
CVE-2025-23444,0.00046
CVE-2025-23445,0.0002
CVE-2025-23446,0.00018
CVE-2025-23447,0.00041
CVE-2025-23449,0.00047
CVE-2025-23450,0.00041
CVE-2025-23451,0.00041
CVE-2025-23452,0.00047
CVE-2025-23453,0.00047
CVE-2025-23454,0.00047
CVE-2025-23455,0.0002
CVE-2025-23456,0.0002
CVE-2025-23457,0.00047
CVE-2025-23459,0.00039
CVE-2025-23460,0.00039
CVE-2025-23461,0.00047
CVE-2025-23462,0.00047
CVE-2025-23463,0.0002
CVE-2025-23464,0.00041
CVE-2025-23465,0.00041
CVE-2025-23466,0.00039
CVE-2025-23467,0.0002
CVE-2025-23468,0.00041
CVE-2025-23470,0.0002
CVE-2025-23471,0.0002
CVE-2025-23472,0.00041
CVE-2025-23473,0.00041
CVE-2025-23474,0.00047
CVE-2025-23475,0.00047
CVE-2025-23476,0.0002
CVE-2025-23477,0.00059
CVE-2025-23478,0.00041
CVE-2025-23479,0.00041
CVE-2025-23480,0.0004
CVE-2025-23481,0.00041
CVE-2025-23482,0.00041
CVE-2025-23483,0.0002
CVE-2025-23484,0.00041
CVE-2025-23485,0.00041
CVE-2025-23486,0.00041
CVE-2025-23487,0.00041
CVE-2025-23488,0.00041
CVE-2025-23489,0.00047
CVE-2025-23490,0.00041
CVE-2025-23491,0.00047
CVE-2025-23492,0.00047
CVE-2025-23493,0.00041
CVE-2025-23494,0.00041
CVE-2025-23495,0.00047
CVE-2025-23496,0.00041
CVE-2025-23497,0.0002
CVE-2025-23498,0.00047
CVE-2025-23499,0.0002
CVE-2025-23500,0.00047
CVE-2025-23501,0.0002
CVE-2025-23502,0.00018
CVE-2025-23503,0.00047
CVE-2025-23505,0.00041
CVE-2025-23506,0.00047
CVE-2025-23507,0.00047
CVE-2025-23508,0.0002
CVE-2025-23509,0.00047
CVE-2025-23510,0.0002
CVE-2025-23511,0.0002
CVE-2025-23512,0.00064
CVE-2025-23513,0.0002
CVE-2025-23514,0.00062
CVE-2025-23515,0.00043
CVE-2025-23516,0.00041
CVE-2025-23517,0.00041
CVE-2025-23518,0.00041
CVE-2025-23519,0.00041
CVE-2025-23520,0.00041
CVE-2025-23521,0.00041
CVE-2025-23522,0.00047
CVE-2025-23523,0.00047
CVE-2025-23524,0.00041
CVE-2025-23525,0.00047
CVE-2025-23526,0.00036
CVE-2025-23527,0.0005
CVE-2025-23528,0.00057
CVE-2025-23529,0.0005
CVE-2025-23530,0.00027
CVE-2025-23531,0.00047
CVE-2025-23532,0.00027
CVE-2025-23533,0.0002
CVE-2025-23534,0.0005
CVE-2025-23535,0.00047
CVE-2025-23536,0.00041
CVE-2025-23537,0.0002
CVE-2025-23538,0.00041
CVE-2025-23539,0.00041
CVE-2025-23540,0.00047
CVE-2025-23541,0.00047
CVE-2025-23542,0.00039
CVE-2025-23543,0.00039
CVE-2025-23544,0.00047
CVE-2025-23545,0.00047
CVE-2025-23546,0.00039
CVE-2025-23547,0.00047
CVE-2025-23548,0.00047
CVE-2025-23549,0.00041
CVE-2025-23551,0.00047
CVE-2025-23552,0.00041
CVE-2025-23553,0.00041
CVE-2025-23555,0.00041
CVE-2025-23556,0.00041
CVE-2025-23557,0.0002
CVE-2025-23558,0.0002
CVE-2025-23559,0.0002
CVE-2025-23560,0.0002
CVE-2025-23561,0.00046
CVE-2025-23562,0.00073
CVE-2025-23563,0.00041
CVE-2025-23564,0.00041
CVE-2025-23565,0.00041
CVE-2025-23566,0.0002
CVE-2025-23567,0.0002
CVE-2025-23568,0.00047
CVE-2025-23569,0.0002
CVE-2025-23570,0.00041
CVE-2025-23571,0.00047
CVE-2025-23572,0.0002
CVE-2025-23573,0.0002
CVE-2025-23574,0.00047
CVE-2025-23575,0.00041
CVE-2025-23576,0.00041
CVE-2025-23577,0.0002
CVE-2025-23578,0.00047
CVE-2025-23579,0.0004
CVE-2025-23580,0.00047
CVE-2025-23581,0.00046
CVE-2025-23582,0.00047
CVE-2025-23583,0.00047
CVE-2025-23584,0.00041
CVE-2025-23585,0.00041
CVE-2025-23586,0.00041
CVE-2025-23587,0.00041
CVE-2025-23588,0.00047
CVE-2025-23589,0.00047
CVE-2025-23590,0.00047
CVE-2025-23591,0.00047
CVE-2025-23592,0.00047
CVE-2025-23593,0.00047
CVE-2025-23594,0.00047
CVE-2025-23595,0.00041
CVE-2025-23596,0.00047
CVE-2025-23597,0.00047
CVE-2025-23598,0.00047
CVE-2025-23599,0.00047
CVE-2025-23600,0.00041
CVE-2025-23601,0.00047
CVE-2025-23602,0.00047
CVE-2025-23603,0.00047
CVE-2025-23604,0.00047
CVE-2025-23605,0.00047
CVE-2025-23606,0.00047
CVE-2025-23607,0.00047
CVE-2025-23609,0.00047
CVE-2025-23610,0.00047
CVE-2025-23611,0.00047
CVE-2025-23612,0.00039
CVE-2025-23613,0.00043
CVE-2025-23614,0.00047
CVE-2025-23615,0.00043
CVE-2025-23616,0.00041
CVE-2025-23617,0.0002
CVE-2025-23618,0.0002
CVE-2025-23619,0.00041
CVE-2025-23620,0.00047
CVE-2025-23621,0.00047
CVE-2025-23622,0.00047
CVE-2025-23623,0.00047
CVE-2025-23624,0.00047
CVE-2025-23625,0.00047
CVE-2025-23626,0.00047
CVE-2025-23627,0.0002
CVE-2025-23628,0.00047
CVE-2025-23629,0.00047
CVE-2025-23630,0.00047
CVE-2025-23631,0.00047
CVE-2025-23632,0.00039
CVE-2025-23633,0.00039
CVE-2025-23634,0.00047
CVE-2025-23635,0.00031
CVE-2025-23636,0.00047
CVE-2025-23637,0.00041
CVE-2025-23638,0.00039
CVE-2025-23639,0.0002
CVE-2025-23640,0.0002
CVE-2025-23641,0.00046
CVE-2025-23642,0.00046
CVE-2025-23643,0.00047
CVE-2025-23644,0.00046
CVE-2025-23645,0.00047
CVE-2025-23646,0.00047
CVE-2025-23647,0.00047
CVE-2025-23648,0.00047
CVE-2025-23649,0.0002
CVE-2025-23650,0.00047
CVE-2025-23651,0.00047
CVE-2025-23652,0.00047
CVE-2025-23653,0.00047
CVE-2025-23654,0.0002
CVE-2025-23655,0.00047
CVE-2025-23656,0.00036
CVE-2025-23657,0.00047
CVE-2025-23658,0.00047
CVE-2025-23659,0.0002
CVE-2025-23660,0.0002
CVE-2025-23661,0.0002
CVE-2025-23662,0.0002
CVE-2025-23663,0.00041
CVE-2025-23664,0.0002
CVE-2025-23665,0.0002
CVE-2025-23666,0.00039
CVE-2025-23668,0.00041
CVE-2025-23669,0.00046
CVE-2025-23670,0.00041
CVE-2025-23671,0.00047
CVE-2025-23672,0.00047
CVE-2025-23673,0.0002
CVE-2025-23674,0.00047
CVE-2025-23675,0.0002
CVE-2025-23676,0.00047
CVE-2025-23677,0.0002
CVE-2025-23678,0.00047
CVE-2025-23679,0.00047
CVE-2025-23680,0.00039
CVE-2025-23681,0.00047
CVE-2025-23682,0.00047
CVE-2025-23683,0.00047
CVE-2025-23684,0.00034
CVE-2025-23685,0.00047
CVE-2025-23686,0.00047
CVE-2025-23687,0.00047
CVE-2025-23688,0.00041
CVE-2025-23689,0.00047
CVE-2025-23690,0.0002
CVE-2025-23691,0.0002
CVE-2025-23692,0.0002
CVE-2025-23693,0.0002
CVE-2025-23694,0.0002
CVE-2025-23695,0.00047
CVE-2025-23696,0.00047
CVE-2025-23697,0.00047
CVE-2025-23698,0.0002
CVE-2025-23699,0.00047
CVE-2025-23700,0.00047
CVE-2025-23701,0.00047
CVE-2025-23702,0.0002
CVE-2025-23703,0.0002
CVE-2025-23704,0.00039
CVE-2025-23706,0.00047
CVE-2025-23708,0.0002
CVE-2025-23709,0.00047
CVE-2025-23710,0.0002
CVE-2025-23711,0.00047
CVE-2025-23712,0.0002
CVE-2025-23713,0.0002
CVE-2025-23714,0.00039
CVE-2025-23715,0.0002
CVE-2025-23716,0.00041
CVE-2025-23717,0.0002
CVE-2025-23718,0.00041
CVE-2025-23720,0.0002
CVE-2025-23721,0.00041
CVE-2025-23722,0.00047
CVE-2025-23723,0.00047
CVE-2025-23724,0.00047
CVE-2025-23725,0.00047
CVE-2025-23726,0.00041
CVE-2025-23727,0.00047
CVE-2025-23728,0.00039
CVE-2025-23729,0.00047
CVE-2025-23730,0.00047
CVE-2025-23731,0.00041
CVE-2025-23732,0.00047
CVE-2025-23733,0.00047
CVE-2025-23734,0.00047
CVE-2025-23735,0.00039
CVE-2025-23736,0.00041
CVE-2025-23737,0.00047
CVE-2025-23738,0.00041
CVE-2025-23739,0.00041
CVE-2025-23740,0.00041
CVE-2025-23741,0.00041
CVE-2025-23742,0.00047
CVE-2025-23743,0.0002
CVE-2025-23744,0.00039
CVE-2025-23745,0.0002
CVE-2025-23746,0.00047
CVE-2025-23747,0.00046
CVE-2025-23748,0.00047
CVE-2025-23749,0.0002
CVE-2025-23750,0.00047
CVE-2025-23751,0.00047
CVE-2025-23752,0.00047
CVE-2025-23753,0.00041
CVE-2025-23754,0.00047
CVE-2025-23755,0.00047
CVE-2025-23756,0.00047
CVE-2025-23758,0.00047
CVE-2025-23759,0.00047
CVE-2025-23760,0.00047
CVE-2025-23761,0.00048
CVE-2025-23762,0.00041
CVE-2025-23763,0.00035
CVE-2025-23764,0.00044
CVE-2025-23765,0.0002
CVE-2025-23766,0.00059
CVE-2025-23767,0.00046
CVE-2025-23768,0.00047
CVE-2025-23769,0.00047
CVE-2025-23770,0.00047
CVE-2025-23771,0.00059
CVE-2025-23772,0.00046
CVE-2025-23774,0.00052
CVE-2025-23775,0.00046
CVE-2025-23776,0.00036
CVE-2025-23777,0.00046
CVE-2025-23778,0.00048
CVE-2025-23779,0.00047
CVE-2025-23780,0.00047
CVE-2025-23781,0.00052
CVE-2025-23783,0.00046
CVE-2025-23784,0.00047
CVE-2025-23785,0.00036
CVE-2025-23786,0.00047
CVE-2025-23787,0.00047
CVE-2025-23788,0.00047
CVE-2025-23789,0.00047
CVE-2025-23790,0.00047
CVE-2025-23791,0.00046
CVE-2025-23792,0.00047
CVE-2025-23793,0.0002
CVE-2025-23794,0.00046
CVE-2025-23795,0.00046
CVE-2025-23796,0.00046
CVE-2025-23797,0.00032
CVE-2025-23798,0.00041
CVE-2025-23799,0.00047
CVE-2025-23800,0.0002
CVE-2025-23801,0.0002
CVE-2025-23802,0.00046
CVE-2025-23803,0.0002
CVE-2025-23804,0.0002
CVE-2025-23805,0.0002
CVE-2025-23806,0.0002
CVE-2025-23807,0.00046
CVE-2025-23808,0.0002
CVE-2025-23809,0.00047
CVE-2025-23810,0.0002
CVE-2025-23811,0.00047
CVE-2025-23812,0.00047
CVE-2025-23813,0.00041
CVE-2025-23814,0.00041
CVE-2025-23815,0.0002
CVE-2025-23816,0.00046
CVE-2025-23817,0.0002
CVE-2025-23818,0.0002
CVE-2025-23819,0.00073
CVE-2025-23820,0.0002
CVE-2025-23821,0.0002
CVE-2025-23822,0.0002
CVE-2025-23823,0.0002
CVE-2025-23824,0.00046
CVE-2025-23825,0.00046
CVE-2025-23826,0.00047
CVE-2025-23827,0.00047
CVE-2025-23828,0.00047
CVE-2025-23829,0.0004
CVE-2025-23830,0.00046
CVE-2025-23831,0.00046
CVE-2025-23832,0.0002
CVE-2025-23833,0.00046
CVE-2025-23834,0.00047
CVE-2025-23835,0.00047
CVE-2025-23836,0.00047
CVE-2025-23837,0.00047
CVE-2025-23838,0.00047
CVE-2025-23839,0.00047
CVE-2025-23840,0.00047
CVE-2025-23841,0.00046
CVE-2025-23842,0.0002
CVE-2025-23843,0.00041
CVE-2025-23844,0.0002
CVE-2025-23845,0.00047
CVE-2025-23846,0.00047
CVE-2025-23847,0.00041
CVE-2025-23848,0.0002
CVE-2025-23849,0.00048
CVE-2025-23850,0.00041
CVE-2025-23851,0.00047
CVE-2025-23852,0.00041
CVE-2025-23853,0.00047
CVE-2025-23854,0.00045
CVE-2025-23856,0.00046
CVE-2025-23857,0.00041
CVE-2025-23859,0.00046
CVE-2025-23860,0.00046
CVE-2025-23861,0.0002
CVE-2025-23862,0.00062
CVE-2025-23863,0.00046
CVE-2025-23864,0.00046
CVE-2025-23865,0.00046
CVE-2025-23866,0.00047
CVE-2025-23867,0.00047
CVE-2025-23868,0.00046
CVE-2025-23869,0.0002
CVE-2025-23870,0.0002
CVE-2025-23871,0.0002
CVE-2025-23872,0.0002
CVE-2025-23873,0.00046
CVE-2025-23874,0.00047
CVE-2025-23875,0.0002
CVE-2025-23876,0.00046
CVE-2025-23877,0.00046
CVE-2025-23878,0.00045
CVE-2025-23879,0.00041
CVE-2025-23880,0.0002
CVE-2025-23881,0.00041
CVE-2025-23882,0.00047
CVE-2025-23883,0.00041
CVE-2025-23884,0.0002
CVE-2025-23885,0.00047
CVE-2025-23886,0.00046
CVE-2025-23887,0.00046
CVE-2025-23888,0.00047
CVE-2025-23889,0.00047
CVE-2025-23890,0.00046
CVE-2025-23891,0.00046
CVE-2025-23892,0.00046
CVE-2025-23893,0.00046
CVE-2025-23894,0.00047
CVE-2025-23895,0.0002
CVE-2025-23896,0.00046
CVE-2025-23897,0.00046
CVE-2025-23898,0.0002
CVE-2025-23899,0.00046
CVE-2025-23900,0.0002
CVE-2025-23901,0.0002
CVE-2025-23902,0.0002
CVE-2025-23903,0.00041
CVE-2025-23904,0.00041
CVE-2025-23905,0.00047
CVE-2025-23907,0.00046
CVE-2025-23908,0.00046
CVE-2025-23909,0.00046
CVE-2025-23910,0.00048
CVE-2025-23911,0.00052
CVE-2025-23912,0.00048
CVE-2025-23913,0.00048
CVE-2025-23914,0.00064
CVE-2025-23915,0.00158
CVE-2025-23916,0.00048
CVE-2025-23917,0.00048
CVE-2025-23918,0.0007
CVE-2025-23919,0.00066
CVE-2025-23920,0.00047
CVE-2025-23921,0.00071
CVE-2025-23922,0.01769
CVE-2025-23923,0.00047
CVE-2025-23924,0.00046
CVE-2025-23925,0.00046
CVE-2025-23926,0.00046
CVE-2025-23927,0.00046
CVE-2025-23928,0.00046
CVE-2025-23929,0.00036
CVE-2025-23930,0.00036
CVE-2025-23931,0.0005
CVE-2025-23932,0.00064
CVE-2025-23933,0.00046
CVE-2025-23934,0.00046
CVE-2025-23935,0.00046
CVE-2025-23936,0.00046
CVE-2025-23937,0.00143
CVE-2025-23938,0.00158
CVE-2025-23939,0.00046
CVE-2025-23940,0.00046
CVE-2025-23941,0.00046
CVE-2025-23942,0.173
CVE-2025-23943,0.00046
CVE-2025-23944,0.00074
CVE-2025-23945,0.00136
CVE-2025-23946,0.00046
CVE-2025-23947,0.00046
CVE-2025-23948,0.00149
CVE-2025-23949,0.00162
CVE-2025-23950,0.00046
CVE-2025-23951,0.00046
CVE-2025-23952,0.00143
CVE-2025-23953,0.00071
CVE-2025-23954,0.00036
CVE-2025-23955,0.00036
CVE-2025-23956,0.00041
CVE-2025-23957,0.00036
CVE-2025-23959,0.00047
CVE-2025-23960,0.00047
CVE-2025-23961,0.00048
CVE-2025-23962,0.00036
CVE-2025-23963,0.00048
CVE-2025-23964,0.00039
CVE-2025-23965,0.00046
CVE-2025-23966,0.00047
CVE-2025-23975,0.00046
CVE-2025-23976,0.0002
CVE-2025-23977,0.0002
CVE-2025-23978,0.0002
CVE-2025-23980,0.0002
CVE-2025-23982,0.00044
CVE-2025-23984,0.00047
CVE-2025-23985,0.00021
CVE-2025-23987,0.00046
CVE-2025-23989,0.0002
CVE-2025-23990,0.0002
CVE-2025-23991,0.00036
CVE-2025-23992,0.00045
CVE-2025-23994,0.00047
CVE-2025-23995,0.00039
CVE-2025-23996,0.00021
CVE-2025-23997,0.00046
CVE-2025-23998,0.00047
CVE-2025-24001,0.0002
CVE-2025-24010,0.00023
CVE-2025-24011,0.19263
CVE-2025-24012,0.00036
CVE-2025-24013,0.00053
CVE-2025-24014,0.0003
CVE-2025-24016,0.49431
CVE-2025-24017,0.00036
CVE-2025-24018,0.0005
CVE-2025-24019,0.00088
CVE-2025-24020,0.0004
CVE-2025-24023,0.0005
CVE-2025-24024,0.00069
CVE-2025-24025,0.00037
CVE-2025-24027,0.00048
CVE-2025-24028,0.00086
CVE-2025-24029,0.00054
CVE-2025-24030,0.00515
CVE-2025-24031,0.00014
CVE-2025-24032,0.00119
CVE-2025-24033,0.00095
CVE-2025-24034,0.00029
CVE-2025-24035,0.00224
CVE-2025-24036,0.00043
CVE-2025-24039,0.00288
CVE-2025-24042,0.00095
CVE-2025-24043,0.00098
CVE-2025-24044,0.00057
CVE-2025-24045,0.00224
CVE-2025-24046,0.00057
CVE-2025-24048,0.00057
CVE-2025-24049,0.00093
CVE-2025-24050,0.00057
CVE-2025-24051,0.00194
CVE-2025-24053,0.0014
CVE-2025-24054,0.36818
CVE-2025-24055,0.00056
CVE-2025-24056,0.00185
CVE-2025-24057,0.00176
CVE-2025-24058,0.00088
CVE-2025-24059,0.00085
CVE-2025-24060,0.00088
CVE-2025-24061,0.001
CVE-2025-24062,0.00088
CVE-2025-24064,0.00286
CVE-2025-24066,0.00057
CVE-2025-24067,0.00057
CVE-2025-24070,0.00155
CVE-2025-24071,0.70493
CVE-2025-24072,0.00057
CVE-2025-24073,0.00088
CVE-2025-24074,0.00088
CVE-2025-24075,0.00085
CVE-2025-24076,0.00072
CVE-2025-24077,0.0009
CVE-2025-24078,0.00086
CVE-2025-24079,0.0009
CVE-2025-24080,0.0009
CVE-2025-24081,0.0009
CVE-2025-24082,0.0009
CVE-2025-24083,0.0009
CVE-2025-24084,0.00257
CVE-2025-24085,0.0739
CVE-2025-24086,0.00017
CVE-2025-24087,0.00014
CVE-2025-24092,0.00013
CVE-2025-24093,0.00058
CVE-2025-24094,0.00013
CVE-2025-24095,0.00038
CVE-2025-24096,0.00021
CVE-2025-24097,9e-05
CVE-2025-24099,0.00017
CVE-2025-24100,0.00024
CVE-2025-24101,0.00017
CVE-2025-24102,0.00081
CVE-2025-24103,0.0005
CVE-2025-24104,0.02545
CVE-2025-24106,0.00036
CVE-2025-24107,0.00012
CVE-2025-24108,0.00021
CVE-2025-24109,0.00039
CVE-2025-24112,0.00014
CVE-2025-24113,0.00049
CVE-2025-24114,0.00011
CVE-2025-24115,0.00016
CVE-2025-24116,0.00015
CVE-2025-24117,0.00018
CVE-2025-24118,0.08261
CVE-2025-24120,0.0007
CVE-2025-24121,0.00015
CVE-2025-24122,0.00016
CVE-2025-24123,0.00034
CVE-2025-24124,0.00017
CVE-2025-24126,0.00119
CVE-2025-24127,0.00017
CVE-2025-24128,0.00046
CVE-2025-24129,0.00182
CVE-2025-24130,0.00035
CVE-2025-24131,0.0007
CVE-2025-24134,0.00021
CVE-2025-24135,0.00019
CVE-2025-24136,0.00021
CVE-2025-24137,0.00126
CVE-2025-24138,0.00016
CVE-2025-24139,0.00017
CVE-2025-24140,0.00042
CVE-2025-24141,0.00022
CVE-2025-24143,0.00065
CVE-2025-24145,0.0002
CVE-2025-24146,0.00075
CVE-2025-24148,0.00027
CVE-2025-24149,0.00018
CVE-2025-24150,0.00188
CVE-2025-24151,0.00017
CVE-2025-24152,0.00017
CVE-2025-24153,0.00019
CVE-2025-24154,0.00108
CVE-2025-24156,0.00039
CVE-2025-24157,0.00057
CVE-2025-24158,0.00123
CVE-2025-24159,0.00035
CVE-2025-24160,0.00099
CVE-2025-24161,0.00019
CVE-2025-24162,0.00137
CVE-2025-24163,0.00017
CVE-2025-24164,0.00012
CVE-2025-24167,0.00061
CVE-2025-24169,0.00135
CVE-2025-24170,0.00012
CVE-2025-24172,0.00061
CVE-2025-24173,0.00013
CVE-2025-24174,0.00018
CVE-2025-24176,0.00011
CVE-2025-24177,0.00122
CVE-2025-24178,0.00071
CVE-2025-24180,0.00034
CVE-2025-24181,0.00061
CVE-2025-24182,0.00013
CVE-2025-24185,0.00018
CVE-2025-24190,0.00071
CVE-2025-24191,0.00042
CVE-2025-24192,0.00035
CVE-2025-24193,0.00023
CVE-2025-24194,0.00035
CVE-2025-24195,0.00059
CVE-2025-24196,0.00056
CVE-2025-24198,0.0002
CVE-2025-24199,0.00014
CVE-2025-24200,0.30612
CVE-2025-24201,0.00438
CVE-2025-24202,0.00013
CVE-2025-24203,0.00013
CVE-2025-24204,0.00065
CVE-2025-24205,0.00014
CVE-2025-24207,0.00061
CVE-2025-24208,0.00047
CVE-2025-24209,0.00119
CVE-2025-24210,0.00014
CVE-2025-24211,0.00071
CVE-2025-24212,0.00015
CVE-2025-24213,0.0002
CVE-2025-24214,0.00014
CVE-2025-24215,0.00014
CVE-2025-24216,0.00072
CVE-2025-24217,0.00014
CVE-2025-24218,0.00015
CVE-2025-24221,0.00045
CVE-2025-24226,0.00015
CVE-2025-24228,0.00016
CVE-2025-24229,0.00043
CVE-2025-24230,0.00071
CVE-2025-24231,0.00061
CVE-2025-24232,0.00061
CVE-2025-24233,0.00061
CVE-2025-24234,0.00014
CVE-2025-24235,0.00057
CVE-2025-24236,0.00012
CVE-2025-24237,0.0009
CVE-2025-24238,0.00067
CVE-2025-24239,0.00042
CVE-2025-24240,0.00012
CVE-2025-24241,0.00059
CVE-2025-24242,0.00022
CVE-2025-24243,0.00022
CVE-2025-24244,0.00013
CVE-2025-24245,0.00063
CVE-2025-24246,0.00061
CVE-2025-24247,0.00061
CVE-2025-24248,0.00025
CVE-2025-24249,0.00061
CVE-2025-24250,0.00061
CVE-2025-24253,0.00061
CVE-2025-24254,0.0005
CVE-2025-24255,0.00032
CVE-2025-24256,0.00061
CVE-2025-24257,0.00017
CVE-2025-24259,0.00059
CVE-2025-24260,0.00061
CVE-2025-24261,0.00013
CVE-2025-24262,0.00015
CVE-2025-24263,0.00065
CVE-2025-24264,0.00114
CVE-2025-24265,0.00061
CVE-2025-24266,0.00062
CVE-2025-24267,0.00011
CVE-2025-24269,0.00065
CVE-2025-24272,0.00039
CVE-2025-24273,0.00061
CVE-2025-24276,0.00013
CVE-2025-24277,0.00014
CVE-2025-24278,0.0002
CVE-2025-24279,0.00037
CVE-2025-24280,0.00013
CVE-2025-24281,0.00015
CVE-2025-24282,0.00015
CVE-2025-24283,0.00013
CVE-2025-24297,0.00063
CVE-2025-24301,0.00015
CVE-2025-24304,0.00015
CVE-2025-24306,0.00301
CVE-2025-24309,0.00015
CVE-2025-24310,0.00046
CVE-2025-24312,0.00112
CVE-2025-24315,0.0005
CVE-2025-24316,0.00041
CVE-2025-24317,0.00115
CVE-2025-24318,0.00047
CVE-2025-24319,0.00162
CVE-2025-24320,0.0011
CVE-2025-24326,0.00112
CVE-2025-24336,0.00018
CVE-2025-24337,0.00022
CVE-2025-24353,0.00045
CVE-2025-24354,0.00044
CVE-2025-24355,0.0002
CVE-2025-24356,0.00185
CVE-2025-24357,0.00081
CVE-2025-24358,0.00025
CVE-2025-24359,0.00023
CVE-2025-24360,0.00077
CVE-2025-24361,0.00047
CVE-2025-24362,0.00088
CVE-2025-24363,0.00018
CVE-2025-24364,0.00105
CVE-2025-24365,0.00041
CVE-2025-24366,0.00276
CVE-2025-24367,0.02845
CVE-2025-24368,0.00075
CVE-2025-24369,0.00092
CVE-2025-24370,0.00166
CVE-2025-24371,0.00065
CVE-2025-24372,0.00079
CVE-2025-24373,0.00054
CVE-2025-24374,0.00043
CVE-2025-24375,9e-05
CVE-2025-24376,0.00059
CVE-2025-24377,0.00071
CVE-2025-24378,0.00071
CVE-2025-24379,0.00071
CVE-2025-24380,0.00071
CVE-2025-24381,0.00114
CVE-2025-24382,0.0512
CVE-2025-24383,0.26732
CVE-2025-24385,0.00071
CVE-2025-24386,0.00071
CVE-2025-24387,0.00017
CVE-2025-24389,0.00017
CVE-2025-24390,0.0002
CVE-2025-24397,0.00034
CVE-2025-24398,0.00027
CVE-2025-24399,0.00217
CVE-2025-24400,0.00036
CVE-2025-24401,0.00035
CVE-2025-24402,0.0002
CVE-2025-24403,0.00034
CVE-2025-24406,0.00239
CVE-2025-24407,0.00053
CVE-2025-24408,0.00081
CVE-2025-24409,0.00099
CVE-2025-24410,0.00051
CVE-2025-24411,0.00077
CVE-2025-24412,0.00051
CVE-2025-24413,0.00051
CVE-2025-24414,0.00051
CVE-2025-24415,0.00051
CVE-2025-24416,0.00051
CVE-2025-24417,0.00051
CVE-2025-24418,0.00084
CVE-2025-24419,0.00053
CVE-2025-24420,0.00053
CVE-2025-24421,0.00038
CVE-2025-24422,0.00072
CVE-2025-24423,0.00072
CVE-2025-24424,0.00074
CVE-2025-24425,0.00118
CVE-2025-24426,0.00072
CVE-2025-24427,0.00066
CVE-2025-24428,0.00036
CVE-2025-24429,0.0005
CVE-2025-24430,0.00102
CVE-2025-24431,0.00026
CVE-2025-24432,0.00102
CVE-2025-24434,0.001
CVE-2025-24435,0.00057
CVE-2025-24436,0.00063
CVE-2025-24437,0.00053
CVE-2025-24438,0.00051
CVE-2025-24439,0.00023
CVE-2025-24440,0.00029
CVE-2025-24441,0.00029
CVE-2025-24442,0.00029
CVE-2025-24443,0.00023
CVE-2025-24444,0.00029
CVE-2025-24445,0.00029
CVE-2025-24446,0.01296
CVE-2025-24447,0.04406
CVE-2025-24448,0.00026
CVE-2025-24449,0.00026
CVE-2025-24450,0.00029
CVE-2025-24451,0.00029
CVE-2025-24452,0.00029
CVE-2025-24453,0.00023
CVE-2025-24456,3e-05
CVE-2025-24457,1e-05
CVE-2025-24458,2e-05
CVE-2025-24459,0.00564
CVE-2025-24460,3e-05
CVE-2025-24461,2e-05
CVE-2025-24470,0.00301
CVE-2025-24472,0.10356
CVE-2025-24478,0.00059
CVE-2025-24479,0.00019
CVE-2025-24480,0.00281
CVE-2025-24481,0.00015
CVE-2025-24482,0.00023
CVE-2025-24483,0.00017
CVE-2025-24487,0.00038
CVE-2025-24490,0.00039
CVE-2025-24494,0.00495
CVE-2025-24497,0.00112
CVE-2025-24499,0.00128
CVE-2025-24500,0.00029
CVE-2025-24501,0.00077
CVE-2025-24502,0.00029
CVE-2025-24503,0.00021
CVE-2025-24504,0.00045
CVE-2025-24505,0.00025
CVE-2025-24506,0.00046
CVE-2025-24507,0.00021
CVE-2025-24513,0.00056
CVE-2025-24514,0.32142
CVE-2025-24517,0.00195
CVE-2025-24521,0.00042
CVE-2025-24526,0.00034
CVE-2025-24527,0.0006
CVE-2025-24529,0.00051
CVE-2025-24530,0.00051
CVE-2025-24532,0.00036
CVE-2025-24533,0.00021
CVE-2025-24534,0.00047
CVE-2025-24535,0.00047
CVE-2025-24536,0.00047
CVE-2025-24537,0.00021
CVE-2025-24538,0.00021
CVE-2025-24540,0.00021
CVE-2025-24541,0.00047
CVE-2025-24542,0.00046
CVE-2025-24543,0.00019
CVE-2025-24544,0.00047
CVE-2025-24545,0.00047
CVE-2025-24546,0.00021
CVE-2025-24547,0.00046
CVE-2025-24549,0.0002
CVE-2025-24551,0.00047
CVE-2025-24552,0.00043
CVE-2025-24554,0.00047
CVE-2025-24555,0.0002
CVE-2025-24556,0.00052
CVE-2025-24557,0.00047
CVE-2025-24558,0.00047
CVE-2025-24559,0.00041
CVE-2025-24560,0.00047
CVE-2025-24561,0.0002
CVE-2025-24562,0.0002
CVE-2025-24563,0.00047
CVE-2025-24564,0.00047
CVE-2025-24565,0.00047
CVE-2025-24566,0.00047
CVE-2025-24567,0.00047
CVE-2025-24568,0.00021
CVE-2025-24569,0.00073
CVE-2025-24570,0.00047
CVE-2025-24571,0.00048
CVE-2025-24572,0.00027
CVE-2025-24573,0.00046
CVE-2025-24574,0.00047
CVE-2025-24575,0.00046
CVE-2025-24576,0.00047
CVE-2025-24578,0.00038
CVE-2025-24579,0.00045
CVE-2025-24580,0.0005
CVE-2025-24582,0.00043
CVE-2025-24584,0.00036
CVE-2025-24585,0.00046
CVE-2025-24587,0.09249
CVE-2025-24588,0.00059
CVE-2025-24589,0.00034
CVE-2025-24590,0.00044
CVE-2025-24591,0.00042
CVE-2025-24592,0.00047
CVE-2025-24593,0.00041
CVE-2025-24594,0.00059
CVE-2025-24595,0.00046
CVE-2025-24596,0.00051
CVE-2025-24597,0.00047
CVE-2025-24598,0.00041
CVE-2025-24599,0.00047
CVE-2025-24600,0.00044
CVE-2025-24601,0.00064
CVE-2025-24602,0.00047
CVE-2025-24603,0.00036
CVE-2025-24604,0.00048
CVE-2025-24605,0.0007
CVE-2025-24606,0.00048
CVE-2025-24607,0.00044
CVE-2025-24608,0.00047
CVE-2025-24609,0.00047
CVE-2025-24610,0.00046
CVE-2025-24611,0.00069
CVE-2025-24612,0.0005
CVE-2025-24613,0.00036
CVE-2025-24614,0.00047
CVE-2025-24615,0.00047
CVE-2025-24616,0.00047
CVE-2025-24617,0.00047
CVE-2025-24618,0.00042
CVE-2025-24620,0.00047
CVE-2025-24622,0.00021
CVE-2025-24623,0.00021
CVE-2025-24625,0.00048
CVE-2025-24626,0.00047
CVE-2025-24627,0.00046
CVE-2025-24628,0.001
CVE-2025-24629,0.00047
CVE-2025-24630,0.00047
CVE-2025-24631,0.00047
CVE-2025-24632,0.00047
CVE-2025-24633,0.00044
CVE-2025-24634,0.00043
CVE-2025-24635,0.00047
CVE-2025-24636,0.0002
CVE-2025-24638,0.00046
CVE-2025-24639,0.00047
CVE-2025-24641,0.00047
CVE-2025-24642,0.00059
CVE-2025-24643,0.00059
CVE-2025-24644,0.00039
CVE-2025-24646,0.00047
CVE-2025-24647,0.00021
CVE-2025-24648,0.00057
CVE-2025-24649,0.00036
CVE-2025-24650,0.00068
CVE-2025-24652,0.00048
CVE-2025-24653,0.00036
CVE-2025-24654,0.00035
CVE-2025-24656,0.00047
CVE-2025-24657,0.00043
CVE-2025-24658,0.00043
CVE-2025-24659,0.00894
CVE-2025-24660,0.00047
CVE-2025-24661,0.00064
CVE-2025-24662,0.00044
CVE-2025-24663,0.00047
CVE-2025-24664,0.0005
CVE-2025-24665,0.0005
CVE-2025-24666,0.00043
CVE-2025-24667,0.0005
CVE-2025-24668,0.00045
CVE-2025-24669,0.00048
CVE-2025-24671,0.00064
CVE-2025-24672,0.00048
CVE-2025-24673,0.00046
CVE-2025-24674,0.00045
CVE-2025-24675,0.00046
CVE-2025-24676,0.00047
CVE-2025-24677,0.00078
CVE-2025-24678,0.00041
CVE-2025-24679,0.00034
CVE-2025-24680,0.00041
CVE-2025-24681,0.00043
CVE-2025-24682,0.00034
CVE-2025-24683,0.00047
CVE-2025-24684,0.00047
CVE-2025-24685,0.00078
CVE-2025-24686,0.00041
CVE-2025-24687,0.00046
CVE-2025-24688,0.00047
CVE-2025-24689,0.00052
CVE-2025-24690,0.00143
CVE-2025-24691,0.00036
CVE-2025-24692,0.0005
CVE-2025-24693,0.00036
CVE-2025-24694,0.00041
CVE-2025-24695,0.00037
CVE-2025-24696,0.00021
CVE-2025-24697,0.00059
CVE-2025-24698,0.00021
CVE-2025-24699,0.0002
CVE-2025-24700,0.00047
CVE-2025-24701,0.00037
CVE-2025-24702,0.00046
CVE-2025-24703,0.00036
CVE-2025-24704,0.00046
CVE-2025-24705,0.00044
CVE-2025-24706,0.00046
CVE-2025-24707,0.00047
CVE-2025-24708,0.00047
CVE-2025-24709,0.00046
CVE-2025-24710,0.00047
CVE-2025-24711,0.00021
CVE-2025-24712,0.00021
CVE-2025-24713,0.00021
CVE-2025-24714,0.00021
CVE-2025-24715,0.00021
CVE-2025-24716,0.00021
CVE-2025-24717,0.00021
CVE-2025-24718,0.00047
CVE-2025-24719,0.00046
CVE-2025-24720,0.00021
CVE-2025-24721,0.00046
CVE-2025-24722,0.00045
CVE-2025-24723,0.00045
CVE-2025-24724,0.00021
CVE-2025-24725,0.00034
CVE-2025-24726,0.00046
CVE-2025-24727,0.00039
CVE-2025-24728,0.00052
CVE-2025-24729,0.00038
CVE-2025-24730,0.00046
CVE-2025-24731,0.00045
CVE-2025-24732,0.00046
CVE-2025-24733,0.00055
CVE-2025-24734,0.00057
CVE-2025-24736,0.00036
CVE-2025-24738,0.00021
CVE-2025-24739,0.00021
CVE-2025-24740,0.0004
CVE-2025-24741,0.0004
CVE-2025-24742,0.00024
CVE-2025-24743,0.00036
CVE-2025-24744,0.00036
CVE-2025-24746,0.00038
CVE-2025-24747,0.00044
CVE-2025-24749,0.0002
CVE-2025-24750,0.00034
CVE-2025-24751,0.00034
CVE-2025-24753,0.00042
CVE-2025-24754,0.00036
CVE-2025-24755,0.00046
CVE-2025-24756,0.0002
CVE-2025-24758,0.00041
CVE-2025-24781,0.00047
CVE-2025-24782,0.00064
CVE-2025-24783,0.00052
CVE-2025-24784,0.00034
CVE-2025-24786,0.00367
CVE-2025-24787,0.00073
CVE-2025-24788,0.00016
CVE-2025-24789,0.00025
CVE-2025-24790,6e-05
CVE-2025-24791,0.00012
CVE-2025-24792,0.00018
CVE-2025-24793,0.00069
CVE-2025-24794,0.00032
CVE-2025-24795,0.00016
CVE-2025-24796,0.00058
CVE-2025-24797,0.00299
CVE-2025-24799,0.60814
CVE-2025-24800,0.00031
CVE-2025-24801,0.00086
CVE-2025-24802,0.00023
CVE-2025-24803,0.00076
CVE-2025-24804,0.00137
CVE-2025-24805,0.00048
CVE-2025-24806,0.00075
CVE-2025-24807,0.0002
CVE-2025-24808,0.00029
CVE-2025-24810,0.00038
CVE-2025-24811,0.00029
CVE-2025-24812,0.00033
CVE-2025-24813,0.9371
CVE-2025-24814,0.0007
CVE-2025-24826,0.00012
CVE-2025-24827,0.00017
CVE-2025-24828,0.00017
CVE-2025-24829,0.00017
CVE-2025-24830,0.00017
CVE-2025-24831,0.00015
CVE-2025-24832,0.00031
CVE-2025-24836,0.00029
CVE-2025-24839,0.00029
CVE-2025-24841,0.00038
CVE-2025-24843,0.00019
CVE-2025-24845,0.00038
CVE-2025-24846,0.00142
CVE-2025-24849,6e-05
CVE-2025-24850,0.00037
CVE-2025-24852,0.00021
CVE-2025-24855,8e-05
CVE-2025-24856,0.00021
CVE-2025-24858,0.00069
CVE-2025-24859,0.00044
CVE-2025-24860,0.00035
CVE-2025-24861,0.00045
CVE-2025-24864,0.00014
CVE-2025-24865,0.57663
CVE-2025-24866,0.0003
CVE-2025-24867,0.00098
CVE-2025-24868,0.00076
CVE-2025-24869,0.00034
CVE-2025-24870,0.0002
CVE-2025-24872,0.00041
CVE-2025-24874,0.00041
CVE-2025-24875,0.00026
CVE-2025-24876,0.00225
CVE-2025-24882,0.00027
CVE-2025-24883,0.0009
CVE-2025-24884,0.00021
CVE-2025-24885,0.00037
CVE-2025-24886,0.00058
CVE-2025-24888,0.0079
CVE-2025-24889,0.00028
CVE-2025-24891,0.00213
CVE-2025-24892,0.00039
CVE-2025-24893,0.92403
CVE-2025-24894,0.00191
CVE-2025-24895,0.00191
CVE-2025-24896,0.00099
CVE-2025-24897,0.00014
CVE-2025-24898,0.0012
CVE-2025-24899,0.00059
CVE-2025-24900,0.00045
CVE-2025-24901,0.00045
CVE-2025-24902,0.00045
CVE-2025-24903,0.0002
CVE-2025-24904,0.00039
CVE-2025-24905,0.00044
CVE-2025-24906,0.00044
CVE-2025-24912,0.00286
CVE-2025-24915,0.00011
CVE-2025-24920,0.00032
CVE-2025-24924,0.00142
CVE-2025-24928,8e-05
CVE-2025-24946,0.00132
CVE-2025-24947,0.00146
CVE-2025-24948,0.00036
CVE-2025-24949,0.00039
CVE-2025-24956,0.00023
CVE-2025-24957,0.00044
CVE-2025-24958,0.00045
CVE-2025-24959,0.00049
CVE-2025-24960,0.00091
CVE-2025-24961,0.00097
CVE-2025-24962,0.00066
CVE-2025-24963,0.20167
CVE-2025-24964,0.0008
CVE-2025-24965,0.00076
CVE-2025-24966,0.00066
CVE-2025-24967,0.00097
CVE-2025-24968,0.00057
CVE-2025-24970,0.0009
CVE-2025-24971,0.37396
CVE-2025-24972,0.0003
CVE-2025-24973,0.00024
CVE-2025-24974,0.00032
CVE-2025-24976,0.00052
CVE-2025-24980,1e-05
CVE-2025-24981,0.00106
CVE-2025-24982,0.0002
CVE-2025-24983,0.02621
CVE-2025-24984,0.24814
CVE-2025-24985,0.1072
CVE-2025-24986,0.00095
CVE-2025-24987,0.00075
CVE-2025-24988,0.00075
CVE-2025-24989,0.23442
CVE-2025-24991,0.04048
CVE-2025-24992,0.00067
CVE-2025-24993,0.05119
CVE-2025-24994,0.00062
CVE-2025-24995,0.00057
CVE-2025-24996,0.00136
CVE-2025-24997,0.00063
CVE-2025-24998,0.00136
CVE-2025-25000,0.00159
CVE-2025-25001,0.00078
CVE-2025-25002,0.00173
CVE-2025-25003,0.00136
CVE-2025-25008,0.00089
CVE-2025-25013,0.00034
CVE-2025-25015,0.00259
CVE-2025-25023,0.00031
CVE-2025-25035,0.00042
CVE-2025-25036,0.00061
CVE-2025-25039,0.0014
CVE-2025-25040,0.00013
CVE-2025-25041,0.00015
CVE-2025-25042,0.00046
CVE-2025-25053,0.00249
CVE-2025-25054,0.00146
CVE-2025-25055,0.00125
CVE-2025-25056,0.00016
CVE-2025-25057,0.00015
CVE-2025-25060,0.00144
CVE-2025-25061,0.00045
CVE-2025-25062,0.32062
CVE-2025-25063,0.00038
CVE-2025-25064,0.09183
CVE-2025-25065,0.00045
CVE-2025-25066,0.00021
CVE-2025-25067,0.00396
CVE-2025-25068,0.00062
CVE-2025-25069,0.00043
CVE-2025-25070,0.00041
CVE-2025-25071,0.0002
CVE-2025-25072,0.0002
CVE-2025-25073,0.00045
CVE-2025-25074,0.0002
CVE-2025-25075,0.0002
CVE-2025-25076,0.00046
CVE-2025-25077,0.00046
CVE-2025-25078,0.00046
CVE-2025-25079,0.00046
CVE-2025-25080,0.00046
CVE-2025-25081,0.00034
CVE-2025-25082,0.00046
CVE-2025-25083,0.00041
CVE-2025-25084,0.0004
CVE-2025-25085,0.00046
CVE-2025-25086,0.00017
CVE-2025-25087,0.00041
CVE-2025-25088,0.0002
CVE-2025-25089,0.00041
CVE-2025-25090,0.00041
CVE-2025-25091,0.00046
CVE-2025-25092,0.00041
CVE-2025-25093,0.00022
CVE-2025-25094,0.00046
CVE-2025-25095,0.00046
CVE-2025-25096,0.00039
CVE-2025-25097,0.00046
CVE-2025-25098,0.00046
CVE-2025-25099,0.00041
CVE-2025-25100,0.00017
CVE-2025-25101,0.00537
CVE-2025-25102,0.00041
CVE-2025-25103,0.00021
CVE-2025-25104,0.0002
CVE-2025-25105,0.00045
CVE-2025-25106,0.00027
CVE-2025-25107,0.00027
CVE-2025-25108,0.00041
CVE-2025-25109,0.00155
CVE-2025-25110,0.00048
CVE-2025-25111,0.00021
CVE-2025-25112,0.00045
CVE-2025-25113,0.00041
CVE-2025-25114,0.00041
CVE-2025-25115,0.0004
CVE-2025-25116,0.00047
CVE-2025-25117,0.00046
CVE-2025-25118,0.00041
CVE-2025-25119,0.00041
CVE-2025-25120,0.00036
CVE-2025-25121,0.00041
CVE-2025-25122,0.00075
CVE-2025-25123,0.0002
CVE-2025-25124,0.00041
CVE-2025-25125,0.0002
CVE-2025-25126,0.0002
CVE-2025-25127,0.00041
CVE-2025-25128,0.0002
CVE-2025-25129,0.00041
CVE-2025-25130,0.00049
CVE-2025-25131,0.0004
CVE-2025-25132,0.00041
CVE-2025-25133,0.00041
CVE-2025-25134,0.00039
CVE-2025-25135,0.0002
CVE-2025-25136,0.00046
CVE-2025-25137,0.0004
CVE-2025-25138,0.0002
CVE-2025-25139,0.0002
CVE-2025-25140,0.0002
CVE-2025-25141,0.00141
CVE-2025-25142,0.00041
CVE-2025-25143,0.00021
CVE-2025-25144,0.00047
CVE-2025-25145,0.00021
CVE-2025-25146,0.00021
CVE-2025-25147,0.0002
CVE-2025-25148,0.0002
CVE-2025-25149,0.0002
CVE-2025-25150,0.00048
CVE-2025-25151,0.00048
CVE-2025-25152,0.0002
CVE-2025-25153,0.0002
CVE-2025-25154,0.0002
CVE-2025-25155,0.00073
CVE-2025-25156,0.0002
CVE-2025-25157,0.00041
CVE-2025-25158,0.00041
CVE-2025-25159,0.00047
CVE-2025-25160,0.0002
CVE-2025-25161,0.00041
CVE-2025-25162,0.00069
CVE-2025-25163,0.10958
CVE-2025-25164,0.00041
CVE-2025-25165,0.00041
CVE-2025-25166,0.0002
CVE-2025-25167,0.00069
CVE-2025-25168,0.0002
CVE-2025-25169,0.00041
CVE-2025-25170,0.00041
CVE-2025-25175,0.00016
CVE-2025-25178,0.00045
CVE-2025-25181,0.27676
CVE-2025-25182,0.00163
CVE-2025-25183,0.00022
CVE-2025-25184,0.001
CVE-2025-25185,0.00075
CVE-2025-25186,0.00098
CVE-2025-25187,0.00087
CVE-2025-25188,0.00025
CVE-2025-25189,0.00068
CVE-2025-25190,0.00101
CVE-2025-25191,0.00065
CVE-2025-25192,0.00059
CVE-2025-25193,0.00035
CVE-2025-25194,0.00044
CVE-2025-25195,0.00048
CVE-2025-25196,0.00048
CVE-2025-25197,0.00032
CVE-2025-25198,0.00038
CVE-2025-25199,0.03283
CVE-2025-25200,0.00111
CVE-2025-25201,0.00015
CVE-2025-25202,0.00087
CVE-2025-25203,0.00049
CVE-2025-25204,0.00052
CVE-2025-25205,0.00158
CVE-2025-25206,0.00069
CVE-2025-25211,0.00061
CVE-2025-25213,0.0003
CVE-2025-25220,0.00282
CVE-2025-25221,0.00046
CVE-2025-25222,0.00046
CVE-2025-25223,0.00067
CVE-2025-25224,0.00146
CVE-2025-25225,0.0001
CVE-2025-25226,0.0004
CVE-2025-25227,0.00037
CVE-2025-25241,0.00034
CVE-2025-25242,0.00034
CVE-2025-25243,0.00199
CVE-2025-25244,0.00046
CVE-2025-25245,0.00034
CVE-2025-25246,0.00429
CVE-2025-25247,0.00036
CVE-2025-25254,0.00074
CVE-2025-25266,0.00021
CVE-2025-25267,0.00018
CVE-2025-25274,0.00063
CVE-2025-25276,0.0005
CVE-2025-25279,0.08931
CVE-2025-25280,0.00083
CVE-2025-25281,0.00041
CVE-2025-25282,0.00039
CVE-2025-25283,0.00074
CVE-2025-25284,0.00171
CVE-2025-25285,0.00072
CVE-2025-25286,0.00298
CVE-2025-25287,0.00075
CVE-2025-25288,0.00072
CVE-2025-25289,0.00078
CVE-2025-25290,0.00071
CVE-2025-25291,0.02067
CVE-2025-25292,0.01232
CVE-2025-25293,0.00205
CVE-2025-25294,0.00118
CVE-2025-25295,0.00109
CVE-2025-25296,0.04197
CVE-2025-25297,0.00053
CVE-2025-25299,0.00103
CVE-2025-25300,0.00066
CVE-2025-25301,0.00051
CVE-2025-25302,0.0001
CVE-2025-25303,0.0006
CVE-2025-25304,0.00087
CVE-2025-25305,0.00033
CVE-2025-25306,0.00021
CVE-2025-25323,0.00026
CVE-2025-25324,0.00026
CVE-2025-25325,0.00026
CVE-2025-25326,0.00026
CVE-2025-25329,0.00026
CVE-2025-25330,0.00026
CVE-2025-25331,0.00026
CVE-2025-25333,0.00046
CVE-2025-25334,0.00026
CVE-2025-25343,0.00071
CVE-2025-25349,0.00046
CVE-2025-25351,0.00046
CVE-2025-25352,0.0022
CVE-2025-25354,0.0022
CVE-2025-25355,0.0022
CVE-2025-25356,0.0022
CVE-2025-25357,0.0022
CVE-2025-25361,0.00092
CVE-2025-25362,0.00114
CVE-2025-25363,0.00035
CVE-2025-25371,0.0008
CVE-2025-25372,0.00073
CVE-2025-25373,0.00078
CVE-2025-25374,0.00073
CVE-2025-25379,0.00081
CVE-2025-25381,0.0005
CVE-2025-25382,0.00039
CVE-2025-25387,0.0022
CVE-2025-25388,0.003
CVE-2025-25389,0.003
CVE-2025-25426,0.0004
CVE-2025-25428,0.00046
CVE-2025-25429,0.00031
CVE-2025-25430,0.00031
CVE-2025-25431,0.00031
CVE-2025-25450,0.00021
CVE-2025-25451,0.00016
CVE-2025-25452,0.00021
CVE-2025-25453,0.00032
CVE-2025-25456,0.00056
CVE-2025-25458,0.00032
CVE-2025-25460,0.00675
CVE-2025-25461,0.0014
CVE-2025-25462,0.00112
CVE-2025-25467,0.0012
CVE-2025-25468,0.00048
CVE-2025-25469,0.00043
CVE-2025-25471,0.00036
CVE-2025-25472,0.00065
CVE-2025-25473,0.00053
CVE-2025-25474,0.00053
CVE-2025-25475,0.00091
CVE-2025-25476,0.00036
CVE-2025-25477,0.00044
CVE-2025-25478,0.00042
CVE-2025-25497,0.00046
CVE-2025-25500,0.0028
CVE-2025-25505,0.00043
CVE-2025-25507,0.0025
CVE-2025-25510,0.00041
CVE-2025-25513,0.00054
CVE-2025-25514,0.0003
CVE-2025-25515,0.00051
CVE-2025-25516,0.00054
CVE-2025-25517,0.00054
CVE-2025-25519,0.00054
CVE-2025-25520,0.00054
CVE-2025-25521,0.00054
CVE-2025-25522,0.00019
CVE-2025-25523,0.00019
CVE-2025-25524,0.00035
CVE-2025-25525,0.00029
CVE-2025-25526,0.00029
CVE-2025-25527,0.00029
CVE-2025-25528,0.00029
CVE-2025-25529,0.00022
CVE-2025-25530,0.00091
CVE-2025-25535,0.00156
CVE-2025-25565,0.00061
CVE-2025-25566,0.00053
CVE-2025-25567,0.00061
CVE-2025-25568,0.00061
CVE-2025-25570,0.00062
CVE-2025-25579,0.08888
CVE-2025-25580,0.00018
CVE-2025-25582,0.00016
CVE-2025-25585,0.00015
CVE-2025-25586,0.00012
CVE-2025-25589,0.00067
CVE-2025-25590,0.00018
CVE-2025-25595,0.00125
CVE-2025-25598,0.00046
CVE-2025-25604,0.17916
CVE-2025-25605,0.17916
CVE-2025-25609,0.00034
CVE-2025-25610,0.00034
CVE-2025-25612,0.00233
CVE-2025-25614,0.00057
CVE-2025-25615,0.00163
CVE-2025-25616,0.00128
CVE-2025-25617,0.00021
CVE-2025-25618,0.00034
CVE-2025-25620,0.00131
CVE-2025-25621,0.00022
CVE-2025-25625,0.00031
CVE-2025-25632,0.01261
CVE-2025-25634,0.00039
CVE-2025-25635,0.00034
CVE-2025-25650,0.00061
CVE-2025-25662,0.00064
CVE-2025-25663,0.00064
CVE-2025-25664,0.00064
CVE-2025-25667,0.00064
CVE-2025-25668,0.00064
CVE-2025-25674,0.00064
CVE-2025-25675,0.00234
CVE-2025-25676,0.00064
CVE-2025-25678,0.00064
CVE-2025-25679,0.00035
CVE-2025-25680,0.00099
CVE-2025-25683,0.00063
CVE-2025-25684,0.00077
CVE-2025-25685,0.00072
CVE-2025-25686,0.00047
CVE-2025-25709,0.00057
CVE-2025-25711,0.00109
CVE-2025-25723,0.00023
CVE-2025-25724,8e-05
CVE-2025-25727,0.00019
CVE-2025-25728,0.00017
CVE-2025-25729,0.00046
CVE-2025-25730,0.00025
CVE-2025-25740,0.00098
CVE-2025-25741,0.00087
CVE-2025-25742,0.00285
CVE-2025-25743,0.01038
CVE-2025-25744,0.00253
CVE-2025-25745,0.0021
CVE-2025-25746,0.00253
CVE-2025-25747,0.00112
CVE-2025-25748,0.00027
CVE-2025-25749,0.00088
CVE-2025-25758,0.00023
CVE-2025-25759,0.00774
CVE-2025-25760,0.00047
CVE-2025-25761,0.00059
CVE-2025-25763,0.0003
CVE-2025-25765,0.00018
CVE-2025-25766,0.00071
CVE-2025-25767,0.00051
CVE-2025-25768,0.0004
CVE-2025-25769,0.00022
CVE-2025-25770,0.00023
CVE-2025-25772,0.00019
CVE-2025-25774,0.00062
CVE-2025-25783,0.00097
CVE-2025-25784,0.00111
CVE-2025-25785,0.00057
CVE-2025-25789,0.00543
CVE-2025-25790,0.00105
CVE-2025-25791,0.00023
CVE-2025-25792,0.00046
CVE-2025-25793,0.00046
CVE-2025-25794,0.00046
CVE-2025-25796,0.00046
CVE-2025-25797,0.00046
CVE-2025-25799,0.00018
CVE-2025-25800,0.00067
CVE-2025-25802,0.00046
CVE-2025-25813,0.00046
CVE-2025-25818,0.0003
CVE-2025-25823,0.0003
CVE-2025-25825,0.00027
CVE-2025-25827,0.00019
CVE-2025-25871,0.00076
CVE-2025-25872,0.00061
CVE-2025-25873,0.00039
CVE-2025-25875,0.00037
CVE-2025-25876,0.00047
CVE-2025-25877,0.00033
CVE-2025-25878,0.00033
CVE-2025-25891,0.00011
CVE-2025-25892,0.00011
CVE-2025-25893,0.00516
CVE-2025-25894,0.00516
CVE-2025-25895,0.00516
CVE-2025-25896,0.00011
CVE-2025-25897,0.00031
CVE-2025-25898,0.00031
CVE-2025-25899,0.0003
CVE-2025-25900,0.00029
CVE-2025-25901,0.00031
CVE-2025-25907,0.00021
CVE-2025-25908,0.00031
CVE-2025-25914,0.00287
CVE-2025-25916,0.00033
CVE-2025-25925,0.00031
CVE-2025-25927,0.00019
CVE-2025-25928,0.0004
CVE-2025-25929,0.00031
CVE-2025-25939,0.00034
CVE-2025-25940,0.00112
CVE-2025-25942,0.00047
CVE-2025-25943,0.00043
CVE-2025-25944,0.00039
CVE-2025-25945,0.00047
CVE-2025-25946,0.00019
CVE-2025-25947,0.00019
CVE-2025-25948,0.00043
CVE-2025-25949,0.00031
CVE-2025-25950,0.00033
CVE-2025-25951,0.00044
CVE-2025-25952,0.00033
CVE-2025-25953,0.00043
CVE-2025-25957,0.0005
CVE-2025-25958,0.00042
CVE-2025-25960,0.00047
CVE-2025-25967,0.00264
CVE-2025-25968,0.00768
CVE-2025-25973,0.00108
CVE-2025-25975,0.00046
CVE-2025-25977,0.00111
CVE-2025-25988,0.00054
CVE-2025-25990,0.00047
CVE-2025-25991,0.00036
CVE-2025-25992,0.00044
CVE-2025-25993,0.00044
CVE-2025-25994,0.00073
CVE-2025-25997,0.01015
CVE-2025-26001,0.00044
CVE-2025-26002,0.00061
CVE-2025-26003,0.00094
CVE-2025-26004,0.00061
CVE-2025-26005,0.00061
CVE-2025-26006,0.00061
CVE-2025-26007,0.00061
CVE-2025-26008,0.00061
CVE-2025-26009,0.00044
CVE-2025-26010,0.00059
CVE-2025-26011,0.00061
CVE-2025-26013,0.00059
CVE-2025-26014,0.00354
CVE-2025-26042,0.00034
CVE-2025-26047,0.00029
CVE-2025-26054,8e-05
CVE-2025-26055,0.07421
CVE-2025-26056,0.0161
CVE-2025-26058,0.0002
CVE-2025-26091,0.00062
CVE-2025-26125,0.00023
CVE-2025-26127,0.00048
CVE-2025-26136,0.00044
CVE-2025-26137,0.0006
CVE-2025-26138,0.00033
CVE-2025-26156,0.00216
CVE-2025-26157,0.00059
CVE-2025-26158,0.00093
CVE-2025-26163,0.00044
CVE-2025-26167,0.00065
CVE-2025-26182,0.00091
CVE-2025-26200,0.00104
CVE-2025-26201,0.00248
CVE-2025-26202,0.00108
CVE-2025-26206,0.00061
CVE-2025-26260,0.00065
CVE-2025-26263,0.00217
CVE-2025-26264,0.0328
CVE-2025-26265,0.00065
CVE-2025-26304,0.0005
CVE-2025-26305,0.00054
CVE-2025-26306,0.00065
CVE-2025-26307,0.00065
CVE-2025-26308,0.00065
CVE-2025-26309,0.00065
CVE-2025-26310,0.00084
CVE-2025-26311,0.00084
CVE-2025-26312,0.0003
CVE-2025-26318,0.0058
CVE-2025-26319,0.7615
CVE-2025-26320,0.04508
CVE-2025-26325,0.00061
CVE-2025-26326,0.01768
CVE-2025-26330,0.00016
CVE-2025-26331,0.00063
CVE-2025-26335,0.00037
CVE-2025-26336,0.00069
CVE-2025-26339,0.00305
CVE-2025-26340,0.00165
CVE-2025-26341,0.00305
CVE-2025-26342,0.00305
CVE-2025-26343,0.00165
CVE-2025-26344,0.00305
CVE-2025-26345,0.0023
CVE-2025-26346,0.00298
CVE-2025-26347,0.00246
CVE-2025-26348,0.00298
CVE-2025-26349,0.00439
CVE-2025-26350,0.00178
CVE-2025-26351,0.00118
CVE-2025-26352,0.0117
CVE-2025-26353,0.00118
CVE-2025-26354,0.00573
CVE-2025-26355,0.0117
CVE-2025-26356,0.00573
CVE-2025-26357,0.00118
CVE-2025-26358,0.00113
CVE-2025-26359,0.00326
CVE-2025-26360,0.00157
CVE-2025-26361,0.00527
CVE-2025-26362,0.00157
CVE-2025-26363,0.00157
CVE-2025-26364,0.00157
CVE-2025-26365,0.00157
CVE-2025-26366,0.00157
CVE-2025-26367,0.00083
CVE-2025-26368,0.0015
CVE-2025-26369,0.00171
CVE-2025-26370,0.00103
CVE-2025-26371,0.00171
CVE-2025-26372,0.0015
CVE-2025-26373,0.00048
CVE-2025-26374,0.00063
CVE-2025-26375,0.00171
CVE-2025-26376,0.00083
CVE-2025-26377,0.00204
CVE-2025-26378,0.00171
CVE-2025-26393,0.00097
CVE-2025-26401,0.0003
CVE-2025-26408,0.00023
CVE-2025-26409,0.00028
CVE-2025-26410,0.00069
CVE-2025-26411,0.00066
CVE-2025-26465,0.45359
CVE-2025-26466,0.39893
CVE-2025-26473,0.00041
CVE-2025-26475,0.00031
CVE-2025-26479,0.00032
CVE-2025-26480,0.00064
CVE-2025-26485,0.00046
CVE-2025-26486,9e-05
CVE-2025-26492,3e-05
CVE-2025-26493,0.0001
CVE-2025-26494,0.00068
CVE-2025-26495,0.00022
CVE-2025-26500,0.00025
CVE-2025-26506,0.00252
CVE-2025-26507,0.00248
CVE-2025-26508,0.00248
CVE-2025-26511,0.00046
CVE-2025-26512,0.00046
CVE-2025-26519,0.00024
CVE-2025-26520,0.00047
CVE-2025-26522,0.0019
CVE-2025-26523,0.00107
CVE-2025-26524,0.00115
CVE-2025-26525,0.00052
CVE-2025-26526,0.00042
CVE-2025-26527,0.00044
CVE-2025-26528,0.00043
CVE-2025-26529,0.00054
CVE-2025-26530,0.00063
CVE-2025-26531,0.0004
CVE-2025-26532,0.00036
CVE-2025-26533,0.00051
CVE-2025-26534,0.00072
CVE-2025-26535,0.00048
CVE-2025-26536,0.00039
CVE-2025-26537,0.00035
CVE-2025-26538,0.00046
CVE-2025-26539,0.00046
CVE-2025-26540,0.00063
CVE-2025-26541,0.00041
CVE-2025-26542,0.00039
CVE-2025-26543,0.0002
CVE-2025-26544,0.00039
CVE-2025-26545,0.0002
CVE-2025-26546,0.00039
CVE-2025-26547,0.0002
CVE-2025-26548,0.00041
CVE-2025-26549,0.0002
CVE-2025-26550,0.0002
CVE-2025-26551,0.00047
CVE-2025-26552,0.00047
CVE-2025-26553,0.00041
CVE-2025-26554,0.00041
CVE-2025-26555,0.00041
CVE-2025-26556,0.00041
CVE-2025-26557,0.00041
CVE-2025-26558,0.00046
CVE-2025-26559,0.00035
CVE-2025-26560,0.00039
CVE-2025-26561,0.00045
CVE-2025-26562,0.0002
CVE-2025-26563,0.00041
CVE-2025-26564,0.00041
CVE-2025-26565,0.00039
CVE-2025-26566,0.00039
CVE-2025-26567,0.00046
CVE-2025-26568,0.0002
CVE-2025-26569,0.0002
CVE-2025-26570,0.0002
CVE-2025-26571,0.0002
CVE-2025-26572,0.0002
CVE-2025-26573,0.00039
CVE-2025-26574,0.00046
CVE-2025-26575,0.00039
CVE-2025-26576,0.00039
CVE-2025-26577,0.0002
CVE-2025-26578,0.0002
CVE-2025-26579,0.00041
CVE-2025-26580,0.0002
CVE-2025-26581,0.00041
CVE-2025-26582,0.0002
CVE-2025-26583,0.00039
CVE-2025-26584,0.00039
CVE-2025-26585,0.00041
CVE-2025-26586,0.00041
CVE-2025-26587,0.00041
CVE-2025-26588,0.00041
CVE-2025-26589,0.00041
CVE-2025-26594,0.00029
CVE-2025-26595,0.00027
CVE-2025-26596,0.00029
CVE-2025-26597,0.00029
CVE-2025-26598,0.00029
CVE-2025-26599,0.00029
CVE-2025-26600,0.00029
CVE-2025-26601,0.00029
CVE-2025-26603,0.00021
CVE-2025-26604,0.0005
CVE-2025-26605,0.00045
CVE-2025-26606,0.00053
CVE-2025-26607,0.00053
CVE-2025-26608,0.00053
CVE-2025-26609,0.00053
CVE-2025-26610,0.00045
CVE-2025-26611,0.00053
CVE-2025-26612,0.00053
CVE-2025-26613,0.00291
CVE-2025-26614,0.00045
CVE-2025-26615,0.00095
CVE-2025-26616,0.00092
CVE-2025-26617,0.00053
CVE-2025-26618,0.00082
CVE-2025-26619,0.00062
CVE-2025-26620,0.00053
CVE-2025-26622,0.00044
CVE-2025-26623,0.00109
CVE-2025-26624,0.0002
CVE-2025-26626,0.00043
CVE-2025-26627,0.00065
CVE-2025-26628,0.00056
CVE-2025-26629,0.00085
CVE-2025-26630,0.00085
CVE-2025-26631,0.00136
CVE-2025-26633,0.02881
CVE-2025-26634,0.00105
CVE-2025-26635,0.00069
CVE-2025-26637,0.00103
CVE-2025-26639,0.00082
CVE-2025-26640,0.00042
CVE-2025-26641,0.02243
CVE-2025-26642,0.001
CVE-2025-26643,0.00076
CVE-2025-26644,0.00051
CVE-2025-26645,0.00505
CVE-2025-26647,0.00119
CVE-2025-26648,0.00054
CVE-2025-26649,0.00038
CVE-2025-26651,0.02983
CVE-2025-26652,0.02243
CVE-2025-26653,0.00031
CVE-2025-26654,0.0001
CVE-2025-26655,0.00031
CVE-2025-26656,0.00031
CVE-2025-26657,0.00051
CVE-2025-26658,0.00039
CVE-2025-26659,0.00034
CVE-2025-26660,0.00067
CVE-2025-26661,0.00049
CVE-2025-26663,0.00239
CVE-2025-26664,0.0007
CVE-2025-26665,0.00038
CVE-2025-26666,0.0006
CVE-2025-26667,0.00078
CVE-2025-26668,0.00057
CVE-2025-26669,0.00078
CVE-2025-26670,0.00317
CVE-2025-26671,0.00342
CVE-2025-26672,0.0007
CVE-2025-26673,0.02243
CVE-2025-26674,0.0006
CVE-2025-26675,0.0006
CVE-2025-26676,0.0007
CVE-2025-26678,0.00058
CVE-2025-26679,0.0006
CVE-2025-26680,0.02243
CVE-2025-26681,0.00072
CVE-2025-26682,0.02243
CVE-2025-26683,0.00086
CVE-2025-26686,0.00224
CVE-2025-26687,0.00057
CVE-2025-26688,0.0006
CVE-2025-26689,0.00287
CVE-2025-26695,0.00018
CVE-2025-26696,0.0009
CVE-2025-26698,0.00018
CVE-2025-26699,0.0012
CVE-2025-26700,0.00095
CVE-2025-26701,0.00059
CVE-2025-26702,0.00136
CVE-2025-26703,0.00031
CVE-2025-26704,0.00033
CVE-2025-26705,0.00046
CVE-2025-26706,0.00034
CVE-2025-26707,0.0004
CVE-2025-26708,8e-05
CVE-2025-26730,0.00041
CVE-2025-26731,0.00039
CVE-2025-26732,0.00039
CVE-2025-26733,0.00054
CVE-2025-26734,0.00039
CVE-2025-26736,0.00039
CVE-2025-26737,0.00039
CVE-2025-26738,0.00039
CVE-2025-26739,0.00039
CVE-2025-26740,0.00034
CVE-2025-26741,0.00044
CVE-2025-26742,0.00034
CVE-2025-26743,0.00036
CVE-2025-26744,0.00034
CVE-2025-26745,0.00034
CVE-2025-26746,0.00036
CVE-2025-26747,0.00039
CVE-2025-26748,0.00025
CVE-2025-26749,0.00034
CVE-2025-26750,0.00041
CVE-2025-26751,0.00047
CVE-2025-26752,0.00075
CVE-2025-26753,0.00073
CVE-2025-26754,0.00046
CVE-2025-26755,0.00047
CVE-2025-26756,0.00047
CVE-2025-26757,0.00141
CVE-2025-26758,0.00043
CVE-2025-26759,0.0002
CVE-2025-26760,0.00141
CVE-2025-26761,0.00046
CVE-2025-26762,0.00036
CVE-2025-26763,0.00064
CVE-2025-26764,0.00059
CVE-2025-26765,0.00048
CVE-2025-26766,0.00046
CVE-2025-26767,0.00046
CVE-2025-26768,0.0002
CVE-2025-26769,0.00046
CVE-2025-26770,0.00046
CVE-2025-26771,0.00046
CVE-2025-26772,0.00038
CVE-2025-26773,0.00034
CVE-2025-26774,0.00047
CVE-2025-26775,0.00039
CVE-2025-26776,0.00071
CVE-2025-26778,0.00045
CVE-2025-26779,0.00069
CVE-2025-26788,0.00048
CVE-2025-26789,0.0006
CVE-2025-26791,0.00074
CVE-2025-26793,0.10612
CVE-2025-26794,0.45062
CVE-2025-26796,0.00216
CVE-2025-26803,0.00201
CVE-2025-26816,0.00027
CVE-2025-26817,0.00415
CVE-2025-26818,0.00427
CVE-2025-26819,0.00089
CVE-2025-26849,0.00017
CVE-2025-26852,0.00042
CVE-2025-26853,0.00084
CVE-2025-26856,0.00264
CVE-2025-26857,0.00051
CVE-2025-26865,0.00081
CVE-2025-26868,0.00047
CVE-2025-26869,0.00039
CVE-2025-26870,0.00034
CVE-2025-26871,0.00042
CVE-2025-26873,0.00058
CVE-2025-26874,0.00037
CVE-2025-26875,0.00048
CVE-2025-26876,0.00071
CVE-2025-26877,0.00046
CVE-2025-26878,0.00046
CVE-2025-26879,0.00041
CVE-2025-26880,0.00034
CVE-2025-26881,0.00046
CVE-2025-26882,0.00046
CVE-2025-26883,0.00041
CVE-2025-26884,0.00046
CVE-2025-26885,0.00069
CVE-2025-26886,0.00045
CVE-2025-26887,0.00046
CVE-2025-26888,0.00037
CVE-2025-26889,0.00114
CVE-2025-26890,0.00147
CVE-2025-26891,0.00046
CVE-2025-26893,0.00046
CVE-2025-26894,0.00114
CVE-2025-26895,0.0004
CVE-2025-26896,0.00046
CVE-2025-26897,0.00046
CVE-2025-26898,0.00043
CVE-2025-26899,0.00026
CVE-2025-26900,0.00064
CVE-2025-26901,0.0004
CVE-2025-26902,0.00016
CVE-2025-26903,0.00016
CVE-2025-26904,0.00046
CVE-2025-26905,0.0008
CVE-2025-26906,0.00034
CVE-2025-26907,0.00078
CVE-2025-26908,0.00036
CVE-2025-26909,0.00114
CVE-2025-26910,0.00018
CVE-2025-26911,0.00039
CVE-2025-26912,0.00046
CVE-2025-26913,0.00046
CVE-2025-26914,0.00041
CVE-2025-26915,0.00048
CVE-2025-26916,0.00155
CVE-2025-26917,0.00036
CVE-2025-26918,0.00036
CVE-2025-26919,0.00034
CVE-2025-26921,0.00064
CVE-2025-26922,0.00039
CVE-2025-26923,0.00035
CVE-2025-26924,0.00056
CVE-2025-26925,0.00021
CVE-2025-26926,0.00021
CVE-2025-26927,0.00056
CVE-2025-26928,0.00034
CVE-2025-26929,0.00036
CVE-2025-26930,0.00034
CVE-2025-26931,0.0002
CVE-2025-26932,0.00158
CVE-2025-26933,0.00122
CVE-2025-26934,0.00034
CVE-2025-26935,0.00076
CVE-2025-26936,0.00076
CVE-2025-26937,0.00046
CVE-2025-26938,0.00046
CVE-2025-26939,0.00046
CVE-2025-26940,0.00056
CVE-2025-26941,0.00041
CVE-2025-26942,0.00042
CVE-2025-26943,0.0005
CVE-2025-26944,0.00042
CVE-2025-26945,0.00046
CVE-2025-26946,0.00047
CVE-2025-26947,0.00046
CVE-2025-26948,0.00034
CVE-2025-26949,0.00046
CVE-2025-26950,0.00034
CVE-2025-26951,0.00034
CVE-2025-26952,0.00046
CVE-2025-26953,0.00042
CVE-2025-26954,0.00036
CVE-2025-26955,0.0004
CVE-2025-26956,0.00045
CVE-2025-26957,0.00158
CVE-2025-26958,0.00042
CVE-2025-26959,0.00044
CVE-2025-26960,0.00059
CVE-2025-26961,0.00052
CVE-2025-26962,0.00046
CVE-2025-26963,0.00021
CVE-2025-26964,0.00158
CVE-2025-26965,0.00044
CVE-2025-26966,0.00152
CVE-2025-26967,0.00064
CVE-2025-26969,0.00041
CVE-2025-26970,0.00076
CVE-2025-26971,0.00047
CVE-2025-26972,0.00041
CVE-2025-26973,0.00046
CVE-2025-26974,0.0005
CVE-2025-26975,0.00044
CVE-2025-26976,0.00042
CVE-2025-26977,0.00044
CVE-2025-26978,0.00035
CVE-2025-26979,0.00141
CVE-2025-26980,0.00046
CVE-2025-26981,0.00047
CVE-2025-26982,0.00034
CVE-2025-26983,0.00034
CVE-2025-26984,0.00036
CVE-2025-26985,0.00162
CVE-2025-26986,0.00143
CVE-2025-26987,0.00047
CVE-2025-26988,0.00042
CVE-2025-26989,0.00036
CVE-2025-26990,0.0003
CVE-2025-26991,0.00047
CVE-2025-26992,0.00036
CVE-2025-26993,0.00047
CVE-2025-26994,0.00036
CVE-2025-26995,0.00048
CVE-2025-26996,0.00051
CVE-2025-26998,0.00034
CVE-2025-26999,0.00064
CVE-2025-27000,0.00048
CVE-2025-27001,0.00039
CVE-2025-27008,0.00042
CVE-2025-27009,0.00032
CVE-2025-27011,0.00127
CVE-2025-27012,0.00027
CVE-2025-27013,0.00044
CVE-2025-27014,0.00039
CVE-2025-27015,0.00116
CVE-2025-27016,0.00046
CVE-2025-27017,0.00068
CVE-2025-27018,0.00043
CVE-2025-27078,0.00053
CVE-2025-27079,0.00037
CVE-2025-27080,0.00025
CVE-2025-27081,0.00027
CVE-2025-27082,0.00063
CVE-2025-27083,0.00187
CVE-2025-27084,0.0004
CVE-2025-27085,0.00055
CVE-2025-27088,0.00075
CVE-2025-27089,0.00027
CVE-2025-27090,0.00089
CVE-2025-27091,0.00177
CVE-2025-27092,0.00056
CVE-2025-27094,0.00048
CVE-2025-27095,0.00039
CVE-2025-27096,0.00045
CVE-2025-27097,0.0008
CVE-2025-27098,0.00047
CVE-2025-27099,0.00045
CVE-2025-27100,0.00049
CVE-2025-27101,0.00076
CVE-2025-27102,0.00204
CVE-2025-27103,0.00036
CVE-2025-27104,0.00074
CVE-2025-27105,0.0008
CVE-2025-27106,0.00524
CVE-2025-27107,0.00087
CVE-2025-27108,0.00036
CVE-2025-27109,0.00065
CVE-2025-27110,0.00044
CVE-2025-27111,0.00122
CVE-2025-27112,0.18073
CVE-2025-27113,0.00057
CVE-2025-27130,0.00121
CVE-2025-27133,0.00045
CVE-2025-27135,0.00053
CVE-2025-27136,0.00076
CVE-2025-27137,0.00021
CVE-2025-27138,0.00093
CVE-2025-27139,0.00041
CVE-2025-27140,0.00694
CVE-2025-27141,0.00036
CVE-2025-27142,0.00188
CVE-2025-27143,0.0009
CVE-2025-27144,0.00028
CVE-2025-27145,0.00053
CVE-2025-27146,0.0004
CVE-2025-27147,0.0006
CVE-2025-27148,0.00027
CVE-2025-27149,0.00055
CVE-2025-27150,0.00045
CVE-2025-27152,0.00071
CVE-2025-27154,0.00048
CVE-2025-27155,0.00036
CVE-2025-27156,0.00037
CVE-2025-27157,0.00061
CVE-2025-27158,0.0003
CVE-2025-27159,0.00023
CVE-2025-27160,0.00023
CVE-2025-27161,0.00023
CVE-2025-27162,0.00023
CVE-2025-27163,0.00035
CVE-2025-27164,0.00035
CVE-2025-27166,0.00029
CVE-2025-27167,0.00021
CVE-2025-27168,0.00023
CVE-2025-27169,0.00029
CVE-2025-27170,0.00028
CVE-2025-27171,0.00023
CVE-2025-27172,0.00029
CVE-2025-27173,0.00023
CVE-2025-27174,0.00023
CVE-2025-27175,0.00029
CVE-2025-27176,0.00021
CVE-2025-27177,0.00023
CVE-2025-27178,0.00029
CVE-2025-27179,0.00021
CVE-2025-27180,0.00026
CVE-2025-27181,0.00023
CVE-2025-27182,0.00034
CVE-2025-27183,0.00034
CVE-2025-27184,0.00024
CVE-2025-27185,0.00019
CVE-2025-27186,0.00024
CVE-2025-27187,0.00024
CVE-2025-27188,0.00056
CVE-2025-27189,0.00043
CVE-2025-27190,0.00146
CVE-2025-27191,0.00146
CVE-2025-27192,0.00089
CVE-2025-27193,0.00027
CVE-2025-27194,0.00034
CVE-2025-27195,0.00027
CVE-2025-27196,0.00027
CVE-2025-27198,0.0009
CVE-2025-27199,0.00027
CVE-2025-27200,0.00035
CVE-2025-27201,0.00024
CVE-2025-27202,0.00024
CVE-2025-27204,0.00024
CVE-2025-27205,0.0003
CVE-2025-27218,0.76688
CVE-2025-27219,0.00187
CVE-2025-27220,0.00145
CVE-2025-27221,0.00019
CVE-2025-27244,0.00063
CVE-2025-27253,0.00061
CVE-2025-27254,0.00028
CVE-2025-27255,0.00018
CVE-2025-27256,0.00074
CVE-2025-27257,0.00015
CVE-2025-27263,0.00042
CVE-2025-27264,0.00136
CVE-2025-27265,0.00046
CVE-2025-27266,0.00046
CVE-2025-27267,0.00039
CVE-2025-27268,0.00048
CVE-2025-27269,0.00041
CVE-2025-27270,0.00066
CVE-2025-27271,0.00041
CVE-2025-27272,0.00158
CVE-2025-27273,0.00041
CVE-2025-27274,0.00064
CVE-2025-27275,0.00041
CVE-2025-27276,0.00027
CVE-2025-27277,0.0002
CVE-2025-27278,0.00041
CVE-2025-27279,0.00041
CVE-2025-27280,0.00046
CVE-2025-27281,0.00042
CVE-2025-27290,0.00021
CVE-2025-27294,0.00042
CVE-2025-27296,0.00062
CVE-2025-27297,0.00047
CVE-2025-27298,0.0004
CVE-2025-27300,0.00072
CVE-2025-27301,0.00072
CVE-2025-27303,0.00045
CVE-2025-27304,0.00045
CVE-2025-27305,0.00046
CVE-2025-27306,0.00046
CVE-2025-27307,0.00046
CVE-2025-27311,0.00021
CVE-2025-27312,0.00048
CVE-2025-27315,0.00021
CVE-2025-27316,0.00021
CVE-2025-27317,0.00021
CVE-2025-27318,0.00021
CVE-2025-27320,0.00046
CVE-2025-27321,0.0002
CVE-2025-27323,0.00046
CVE-2025-27325,0.00046
CVE-2025-27327,0.00046
CVE-2025-27328,0.00021
CVE-2025-27329,0.00046
CVE-2025-27330,0.00046
CVE-2025-27331,0.00046
CVE-2025-27332,0.0002
CVE-2025-27335,0.00021
CVE-2025-27336,0.00021
CVE-2025-27339,0.00021
CVE-2025-27340,0.00021
CVE-2025-27341,0.00046
CVE-2025-27342,0.00021
CVE-2025-27344,0.00021
CVE-2025-27347,0.00046
CVE-2025-27348,0.00046
CVE-2025-27349,0.00046
CVE-2025-27350,0.00036
CVE-2025-27351,0.00046
CVE-2025-27352,0.00047
CVE-2025-27353,0.00021
CVE-2025-27355,0.0002
CVE-2025-27356,0.00048
CVE-2025-27357,0.00021
CVE-2025-27363,0.74291
CVE-2025-27364,0.00819
CVE-2025-27370,0.00084
CVE-2025-27371,0.00066
CVE-2025-27391,0.00016
CVE-2025-27392,0.00209
CVE-2025-27393,0.00209
CVE-2025-27394,0.00209
CVE-2025-27395,0.00116
CVE-2025-27396,0.0008
CVE-2025-27397,0.00047
CVE-2025-27398,0.00048
CVE-2025-27399,0.00054
CVE-2025-27400,0.00157
CVE-2025-27401,0.00037
CVE-2025-27402,0.0002
CVE-2025-27403,0.00202
CVE-2025-27404,0.00057
CVE-2025-27405,0.00057
CVE-2025-27406,0.00046
CVE-2025-27407,0.04684
CVE-2025-27408,0.0002
CVE-2025-27410,0.05164
CVE-2025-27411,0.00031
CVE-2025-27412,0.00036
CVE-2025-27413,0.0025
CVE-2025-27414,0.00222
CVE-2025-27415,0.00395
CVE-2025-27416,0.00054
CVE-2025-27417,0.00065
CVE-2025-27418,0.00065
CVE-2025-27419,0.00146
CVE-2025-27420,0.00065
CVE-2025-27421,0.0006
CVE-2025-27422,0.00094
CVE-2025-27423,0.00077
CVE-2025-27424,0.00033
CVE-2025-27425,0.00033
CVE-2025-27426,0.00032
CVE-2025-27427,0.0005
CVE-2025-27428,0.00115
CVE-2025-27429,0.00053
CVE-2025-27430,0.00029
CVE-2025-27431,0.00031
CVE-2025-27432,0.00029
CVE-2025-27433,0.00031
CVE-2025-27434,0.00048
CVE-2025-27435,0.00039
CVE-2025-27436,0.00031
CVE-2025-27437,0.00028
CVE-2025-27438,0.00017
CVE-2025-27439,0.00057
CVE-2025-27440,0.00057
CVE-2025-27441,0.0001
CVE-2025-27442,0.0001
CVE-2025-27443,0.00013
CVE-2025-27467,0.0006
CVE-2025-27469,0.02243
CVE-2025-27470,0.02243
CVE-2025-27471,0.00054
CVE-2025-27472,0.00123
CVE-2025-27473,0.02243
CVE-2025-27474,0.00216
CVE-2025-27475,0.00038
CVE-2025-27476,0.0006
CVE-2025-27477,0.00078
CVE-2025-27478,0.00042
CVE-2025-27479,0.02243
CVE-2025-27480,0.00322
CVE-2025-27481,0.00078
CVE-2025-27482,0.0021
CVE-2025-27483,0.00079
CVE-2025-27484,0.00054
CVE-2025-27485,0.01663
CVE-2025-27486,0.01663
CVE-2025-27487,0.00338
CVE-2025-27489,0.00088
CVE-2025-27490,0.0006
CVE-2025-27491,0.00804
CVE-2025-27492,0.00038
CVE-2025-27493,0.00022
CVE-2025-27494,0.00079
CVE-2025-27496,9e-05
CVE-2025-27497,0.00058
CVE-2025-27498,9e-05
CVE-2025-27499,0.00031
CVE-2025-27500,0.00047
CVE-2025-27501,0.00046
CVE-2025-27506,0.00044
CVE-2025-27507,0.00193
CVE-2025-27508,0.0002
CVE-2025-27509,0.00104
CVE-2025-27510,0.00274
CVE-2025-27512,0.00022
CVE-2025-27513,0.0006
CVE-2025-27515,0.00058
CVE-2025-27516,0.00074
CVE-2025-27517,0.00208
CVE-2025-27518,0.00069
CVE-2025-27519,0.00455
CVE-2025-27520,0.50662
CVE-2025-27521,7e-05
CVE-2025-27534,0.00015
CVE-2025-27538,0.00032
CVE-2025-27551,0.00018
CVE-2025-27552,0.00018
CVE-2025-27553,0.00192
CVE-2025-27554,0.003
CVE-2025-27556,0.00017
CVE-2025-27561,0.0005
CVE-2025-27565,0.00067
CVE-2025-27567,0.00037
CVE-2025-27568,0.00051
CVE-2025-27571,0.00028
CVE-2025-27574,0.00027
CVE-2025-27575,0.00051
CVE-2025-27579,0.00029
CVE-2025-27583,0.00043
CVE-2025-27584,0.00031
CVE-2025-27585,0.00031
CVE-2025-27590,0.00187
CVE-2025-27591,0.0002
CVE-2025-27593,0.00038
CVE-2025-27594,0.00065
CVE-2025-27595,0.00057
CVE-2025-27597,0.00094
CVE-2025-27598,0.00077
CVE-2025-27600,0.00054
CVE-2025-27601,0.00032
CVE-2025-27602,0.00032
CVE-2025-27603,0.00108
CVE-2025-27604,0.00056
CVE-2025-27606,0.0002
CVE-2025-27607,0.01522
CVE-2025-27608,0.00032
CVE-2025-27609,0.0009
CVE-2025-27610,0.00104
CVE-2025-27612,0.00021
CVE-2025-27615,0.00073
CVE-2025-27616,0.00035
CVE-2025-27617,0.00014
CVE-2025-27622,0.00016
CVE-2025-27623,0.00016
CVE-2025-27624,0.00018
CVE-2025-27625,0.00035
CVE-2025-27631,0.00056
CVE-2025-27632,0.00034
CVE-2025-27633,0.00034
CVE-2025-27636,0.41153
CVE-2025-27637,0.00041
CVE-2025-27638,0.00063
CVE-2025-27639,0.00048
CVE-2025-27640,0.00041
CVE-2025-27641,0.00063
CVE-2025-27642,0.00063
CVE-2025-27643,0.00063
CVE-2025-27644,0.00014
CVE-2025-27645,0.00063
CVE-2025-27646,0.00063
CVE-2025-27647,0.0021
CVE-2025-27648,0.00063
CVE-2025-27649,0.00063
CVE-2025-27650,0.00063
CVE-2025-27651,0.00063
CVE-2025-27652,0.00063
CVE-2025-27653,0.00041
CVE-2025-27654,0.00041
CVE-2025-27655,0.00063
CVE-2025-27656,0.00063
CVE-2025-27657,0.00331
CVE-2025-27658,0.00147
CVE-2025-27659,0.00041
CVE-2025-27660,0.00036
CVE-2025-27661,0.00045
CVE-2025-27662,0.00063
CVE-2025-27663,0.00036
CVE-2025-27664,0.00022
CVE-2025-27665,0.00085
CVE-2025-27666,0.00063
CVE-2025-27667,0.00065
CVE-2025-27668,0.00065
CVE-2025-27669,0.0006
CVE-2025-27670,0.0003
CVE-2025-27671,0.00063
CVE-2025-27672,0.00063
CVE-2025-27673,0.00047
CVE-2025-27674,0.00063
CVE-2025-27675,0.00065
CVE-2025-27676,0.00041
CVE-2025-27677,0.00063
CVE-2025-27678,0.00331
CVE-2025-27679,0.00036
CVE-2025-27680,0.00023
CVE-2025-27681,0.00085
CVE-2025-27682,0.00047
CVE-2025-27683,0.00052
CVE-2025-27684,0.00047
CVE-2025-27685,0.00022
CVE-2025-27686,0.00052
CVE-2025-27688,0.00011
CVE-2025-27690,0.00097
CVE-2025-27692,0.00262
CVE-2025-27693,0.00042
CVE-2025-27694,0.0007
CVE-2025-27704,0.00047
CVE-2025-27705,0.00047
CVE-2025-27715,0.00036
CVE-2025-27716,0.00445
CVE-2025-27718,0.00616
CVE-2025-27719,0.00051
CVE-2025-27722,0.00023
CVE-2025-27726,0.00096
CVE-2025-27727,0.00144
CVE-2025-27728,0.0006
CVE-2025-27729,0.00079
CVE-2025-27730,0.0006
CVE-2025-27731,0.00088
CVE-2025-27732,0.00038
CVE-2025-27733,0.00079
CVE-2025-27735,0.00031
CVE-2025-27736,0.00053
CVE-2025-27737,0.00096
CVE-2025-27738,0.00106
CVE-2025-27739,0.0006
CVE-2025-27740,0.0048
CVE-2025-27741,0.00079
CVE-2025-27742,0.00058
CVE-2025-27743,0.0012
CVE-2025-27744,0.00055
CVE-2025-27745,0.00581
CVE-2025-27746,0.00079
CVE-2025-27747,0.00079
CVE-2025-27748,0.00581
CVE-2025-27749,0.00581
CVE-2025-27750,0.00079
CVE-2025-27751,0.00079
CVE-2025-27752,0.00581
CVE-2025-27773,0.00025
CVE-2025-27774,0.00242
CVE-2025-27775,0.00242
CVE-2025-27776,0.00238
CVE-2025-27777,0.00063
CVE-2025-27778,0.00376
CVE-2025-27779,0.00314
CVE-2025-27780,0.00314
CVE-2025-27781,0.00319
CVE-2025-27782,0.00487
CVE-2025-27783,0.00478
CVE-2025-27784,0.00062
CVE-2025-27785,0.00091
CVE-2025-27786,0.00091
CVE-2025-27787,0.00096
CVE-2025-27788,0.00104
CVE-2025-27789,0.00019
CVE-2025-27791,0.00116
CVE-2025-27792,0.00025
CVE-2025-27793,0.00068
CVE-2025-27794,0.00057
CVE-2025-27795,0.00022
CVE-2025-27796,0.00021
CVE-2025-27797,0.00381
CVE-2025-27809,0.00029
CVE-2025-27810,0.00066
CVE-2025-27812,0.00016
CVE-2025-27813,0.00012
CVE-2025-27816,0.00062
CVE-2025-27822,0.00046
CVE-2025-27823,0.00034
CVE-2025-27824,0.00034
CVE-2025-27825,0.00034
CVE-2025-27826,0.00034
CVE-2025-27829,0.00053
CVE-2025-27830,0.00018
CVE-2025-27831,0.00075
CVE-2025-27832,0.00075
CVE-2025-27833,0.00018
CVE-2025-27834,0.00018
CVE-2025-27835,0.00018
CVE-2025-27836,0.00075
CVE-2025-27837,0.00073
CVE-2025-27839,0.00026
CVE-2025-27840,0.00152
CVE-2025-27867,0.00062
CVE-2025-27888,0.00043
CVE-2025-27892,0.02627
CVE-2025-27893,0.00015
CVE-2025-27910,0.00022
CVE-2025-27911,0.00046
CVE-2025-27912,0.00035
CVE-2025-27913,0.00021
CVE-2025-27914,0.00031
CVE-2025-27915,0.00038
CVE-2025-27924,0.00031
CVE-2025-27925,0.00064
CVE-2025-27926,0.00017
CVE-2025-27927,0.00038
CVE-2025-27929,0.00038
CVE-2025-27932,0.0011
CVE-2025-27933,0.00031
CVE-2025-27934,0.00077
CVE-2025-27936,0.00034
CVE-2025-27938,0.00038
CVE-2025-27939,0.00037
CVE-2025-27980,0.00041
CVE-2025-28010,0.00031
CVE-2025-28011,0.00051
CVE-2025-28015,0.0006
CVE-2025-28087,0.00041
CVE-2025-28089,0.0004
CVE-2025-28090,0.0004
CVE-2025-28091,0.0004
CVE-2025-28092,0.00044
CVE-2025-28093,0.00044
CVE-2025-28094,0.00036
CVE-2025-28096,0.00029
CVE-2025-28097,0.00039
CVE-2025-28100,0.00066
CVE-2025-28131,0.00063
CVE-2025-28132,0.0006
CVE-2025-28135,0.00181
CVE-2025-28136,0.00085
CVE-2025-28137,0.03345
CVE-2025-28138,0.04387
CVE-2025-28142,0.07817
CVE-2025-28143,0.07817
CVE-2025-28144,0.00036
CVE-2025-28145,0.07817
CVE-2025-28146,0.00404
CVE-2025-28198,0.0006
CVE-2025-28219,0.00536
CVE-2025-28220,0.00127
CVE-2025-28221,0.00127
CVE-2025-28254,0.00037
CVE-2025-28256,0.01683
CVE-2025-28361,0.0006
CVE-2025-28395,0.00097
CVE-2025-28398,0.00097
CVE-2025-28399,0.00158
CVE-2025-28400,0.00095
CVE-2025-28401,0.00095
CVE-2025-28402,0.00158
CVE-2025-28403,0.00137
CVE-2025-28405,0.00158
CVE-2025-28406,0.00158
CVE-2025-28407,0.00133
CVE-2025-28408,0.00158
CVE-2025-28409,0.00133
CVE-2025-28410,0.00158
CVE-2025-28411,0.00158
CVE-2025-28412,0.00158
CVE-2025-28413,0.00158
CVE-2025-28855,0.00039
CVE-2025-28856,0.00021
CVE-2025-28857,0.00017
CVE-2025-28858,0.00039
CVE-2025-28859,0.00021
CVE-2025-28860,0.00017
CVE-2025-28861,0.00017
CVE-2025-28862,0.00021
CVE-2025-28863,0.00021
CVE-2025-28864,0.00021
CVE-2025-28865,0.00039
CVE-2025-28866,0.00021
CVE-2025-28867,0.00021
CVE-2025-28868,0.00021
CVE-2025-28869,0.00039
CVE-2025-28870,0.00032
CVE-2025-28871,0.00033
CVE-2025-28872,0.0007
CVE-2025-28873,0.00033
CVE-2025-28874,0.00048
CVE-2025-28875,0.00035
CVE-2025-28876,0.00021
CVE-2025-28877,0.00039
CVE-2025-28878,0.00036
CVE-2025-28879,0.00032
CVE-2025-28880,0.00039
CVE-2025-28881,0.00018
CVE-2025-28882,0.00039
CVE-2025-28883,0.00018
CVE-2025-28884,0.00018
CVE-2025-28885,0.00039
CVE-2025-28886,0.00018
CVE-2025-28887,0.00018
CVE-2025-28889,0.00039
CVE-2025-28890,0.00039
CVE-2025-28891,0.00018
CVE-2025-28892,0.00018
CVE-2025-28893,0.00053
CVE-2025-28894,0.00018
CVE-2025-28895,0.00041
CVE-2025-28896,0.00035
CVE-2025-28897,0.00018
CVE-2025-28898,0.00043
CVE-2025-28899,0.00037
CVE-2025-28900,0.00018
CVE-2025-28901,0.00018
CVE-2025-28902,0.00018
CVE-2025-28903,0.00037
CVE-2025-28904,0.00043
CVE-2025-28905,0.00041
CVE-2025-28906,0.00038
CVE-2025-28907,0.00039
CVE-2025-28908,0.00038
CVE-2025-28909,0.00018
CVE-2025-28910,0.00018
CVE-2025-28911,0.00037
CVE-2025-28912,0.00018
CVE-2025-28913,0.00018
CVE-2025-28914,0.00039
CVE-2025-28915,0.06129
CVE-2025-28916,0.00143
CVE-2025-28917,0.00039
CVE-2025-28918,0.0004
CVE-2025-28919,0.0004
CVE-2025-28920,0.00042
CVE-2025-28921,0.00039
CVE-2025-28922,0.00018
CVE-2025-28923,0.00018
CVE-2025-28924,0.00039
CVE-2025-28925,0.00018
CVE-2025-28926,0.00039
CVE-2025-28927,0.00018
CVE-2025-28928,0.00039
CVE-2025-28929,0.0004
CVE-2025-28930,0.0004
CVE-2025-28931,0.00018
CVE-2025-28932,0.00018
CVE-2025-28933,0.00018
CVE-2025-28934,0.00039
CVE-2025-28935,0.00039
CVE-2025-28936,0.00039
CVE-2025-28937,0.00039
CVE-2025-28938,0.00042
CVE-2025-28939,0.00042
CVE-2025-28940,0.00018
CVE-2025-28941,0.00018
CVE-2025-28942,0.00041
CVE-2025-28943,0.00039
CVE-2025-29017,0.0029
CVE-2025-29018,0.00029
CVE-2025-29029,0.00057
CVE-2025-29030,0.00057
CVE-2025-29031,0.00057
CVE-2025-29032,0.00031
CVE-2025-29033,0.00136
CVE-2025-29036,0.00062
CVE-2025-29049,0.00079
CVE-2025-29062,0.00502
CVE-2025-29063,0.00443
CVE-2025-29064,0.01701
CVE-2025-29069,0.00053
CVE-2025-29070,0.00138
CVE-2025-29072,0.00151
CVE-2025-29085,0.10873
CVE-2025-29087,0.00056
CVE-2025-29088,0.00042
CVE-2025-29100,0.00069
CVE-2025-29101,0.00057
CVE-2025-29118,0.00026
CVE-2025-29121,0.0006
CVE-2025-29135,0.0038
CVE-2025-29137,0.00061
CVE-2025-29149,0.0006
CVE-2025-29150,0.00056
CVE-2025-29189,0.00033
CVE-2025-29208,0.00041
CVE-2025-29213,0.00039
CVE-2025-29214,0.0006
CVE-2025-29215,0.00052
CVE-2025-29217,0.00058
CVE-2025-29218,0.00052
CVE-2025-29223,0.02164
CVE-2025-29226,0.02164
CVE-2025-29227,0.02164
CVE-2025-29230,0.03116
CVE-2025-29266,0.00191
CVE-2025-29280,0.00029
CVE-2025-29281,0.0008
CVE-2025-29306,0.64064
CVE-2025-29310,0.00036
CVE-2025-29311,0.00044
CVE-2025-29312,0.00073
CVE-2025-29313,0.00054
CVE-2025-29314,0.00022
CVE-2025-29315,0.00105
CVE-2025-29322,0.00038
CVE-2025-29357,0.0003
CVE-2025-29358,0.0003
CVE-2025-29359,0.0003
CVE-2025-29360,0.0003
CVE-2025-29361,0.0003
CVE-2025-29362,0.0003
CVE-2025-29363,0.0003
CVE-2025-29369,0.00041
CVE-2025-29384,0.05169
CVE-2025-29385,0.00308
CVE-2025-29386,0.00308
CVE-2025-29387,0.00159
CVE-2025-29389,0.00031
CVE-2025-29390,0.00034
CVE-2025-29391,0.00037
CVE-2025-29394,0.00084
CVE-2025-29401,0.00103
CVE-2025-29405,0.00064
CVE-2025-29410,0.00032
CVE-2025-29411,0.00102
CVE-2025-29412,0.00031
CVE-2025-29425,0.00026
CVE-2025-29426,0.00019
CVE-2025-29427,0.00043
CVE-2025-29429,0.00034
CVE-2025-29430,0.00032
CVE-2025-29431,0.0002
CVE-2025-29462,0.00058
CVE-2025-29471,0.0253
CVE-2025-29476,0.00037
CVE-2025-29477,0.00014
CVE-2025-29478,0.00014
CVE-2025-29479,0.00018
CVE-2025-29480,0.00014
CVE-2025-29481,0.0002
CVE-2025-29482,0.0002
CVE-2025-29483,0.00044
CVE-2025-29484,0.00072
CVE-2025-29485,0.00068
CVE-2025-29486,0.00051
CVE-2025-29487,0.00068
CVE-2025-29488,0.00048
CVE-2025-29489,0.00048
CVE-2025-29490,0.00064
CVE-2025-29491,0.00064
CVE-2025-29492,0.00048
CVE-2025-29493,0.00064
CVE-2025-29494,0.00064
CVE-2025-29496,0.00064
CVE-2025-29497,0.00048
CVE-2025-29504,0.00015
CVE-2025-29570,0.00015
CVE-2025-29594,0.00031
CVE-2025-29635,0.00563
CVE-2025-29640,0.00024
CVE-2025-29641,0.00034
CVE-2025-29647,0.00041
CVE-2025-29705,0.00028
CVE-2025-29719,0.00032
CVE-2025-29720,0.00012
CVE-2025-29766,0.00017
CVE-2025-29768,0.00056
CVE-2025-29769,0.00016
CVE-2025-29770,0.00058
CVE-2025-29771,0.00065
CVE-2025-29772,0.0006
CVE-2025-29773,0.00016
CVE-2025-29774,0.00116
CVE-2025-29775,0.00116
CVE-2025-29776,0.00058
CVE-2025-29778,0.00025
CVE-2025-29779,0.00011
CVE-2025-29780,0.00069
CVE-2025-29781,0.00018
CVE-2025-29782,0.00031
CVE-2025-29783,0.01207
CVE-2025-29786,0.00071
CVE-2025-29787,0.00105
CVE-2025-29788,0.00064
CVE-2025-29789,0.00361
CVE-2025-29790,0.00057
CVE-2025-29791,0.01122
CVE-2025-29792,0.00133
CVE-2025-29793,0.01356
CVE-2025-29794,0.00155
CVE-2025-29795,0.00044
CVE-2025-29796,0.0005
CVE-2025-29800,0.00045
CVE-2025-29801,0.00045
CVE-2025-29802,0.00055
CVE-2025-29803,0.00055
CVE-2025-29804,0.00044
CVE-2025-29805,0.00085
CVE-2025-29806,0.00169
CVE-2025-29807,0.0075
CVE-2025-29808,0.00026
CVE-2025-29809,0.00428
CVE-2025-29810,0.00045
CVE-2025-29811,0.00073
CVE-2025-29812,0.00093
CVE-2025-29814,0.00206
CVE-2025-29815,0.00076
CVE-2025-29816,0.0002
CVE-2025-29817,0.00105
CVE-2025-29819,0.00072
CVE-2025-29820,0.00062
CVE-2025-29821,0.00062
CVE-2025-29822,0.00476
CVE-2025-29823,0.00062
CVE-2025-29824,0.19164
CVE-2025-29834,0.00074
CVE-2025-29868,0.00304
CVE-2025-29870,0.00077
CVE-2025-29891,0.00148
CVE-2025-29903,2e-05
CVE-2025-29904,2e-05
CVE-2025-29907,0.00068
CVE-2025-29908,0.00139
CVE-2025-29909,0.00388
CVE-2025-29910,0.00075
CVE-2025-29911,0.00114
CVE-2025-29912,0.00388
CVE-2025-29913,0.00114
CVE-2025-29914,0.00041
CVE-2025-29915,0.00018
CVE-2025-29916,0.00015
CVE-2025-29917,0.00015
CVE-2025-29918,0.00023
CVE-2025-29922,0.00039
CVE-2025-29923,0.00068
CVE-2025-29924,0.00072
CVE-2025-29925,0.00084
CVE-2025-29926,0.00072
CVE-2025-29927,0.92557
CVE-2025-29928,0.00035
CVE-2025-29929,0.00017
CVE-2025-29930,0.00056
CVE-2025-29932,2e-05
CVE-2025-29980,0.00069
CVE-2025-29981,0.00085
CVE-2025-29982,0.00013
CVE-2025-29983,0.00012
CVE-2025-29984,0.0001
CVE-2025-29985,0.00078
CVE-2025-29986,0.00092
CVE-2025-29987,0.00077
CVE-2025-29988,0.00014
CVE-2025-29989,0.00012
CVE-2025-29991,0.00013
CVE-2025-29993,0.00063
CVE-2025-29994,0.00153
CVE-2025-29995,0.00128
CVE-2025-29996,0.00116
CVE-2025-29997,0.00153
CVE-2025-29998,0.00132
CVE-2025-29999,0.00012
CVE-2025-2000,0.00039
CVE-2025-2002,0.00016
CVE-2025-2003,0.00044
CVE-2025-2004,0.00338
CVE-2025-2005,0.00197
CVE-2025-2006,0.0015
CVE-2025-2007,0.00683
CVE-2025-2008,0.00305
CVE-2025-2009,0.00175
CVE-2025-2012,0.00047
CVE-2025-2013,0.00047
CVE-2025-2014,0.00047
CVE-2025-2015,0.00047
CVE-2025-2016,0.00047
CVE-2025-2017,0.00043
CVE-2025-2018,0.00047
CVE-2025-2019,0.00043
CVE-2025-2020,0.0006
CVE-2025-2021,0.00047
CVE-2025-2022,0.00047
CVE-2025-2023,0.00047
CVE-2025-2024,0.00047
CVE-2025-2025,0.00054
CVE-2025-2027,0.0002
CVE-2025-2029,0.0002
CVE-2025-2030,0.00047
CVE-2025-2031,0.00046
CVE-2025-2032,0.00039
CVE-2025-2033,0.00038
CVE-2025-2034,0.0005
CVE-2025-2035,0.00046
CVE-2025-2036,0.00036
CVE-2025-2037,0.00038
CVE-2025-2038,0.0007
CVE-2025-2039,0.00046
CVE-2025-2040,0.00056
CVE-2025-2041,0.00036
CVE-2025-2042,0.0002
CVE-2025-2043,0.00056
CVE-2025-2044,0.00046
CVE-2025-2045,0.00011
CVE-2025-2046,0.00038
CVE-2025-2047,0.00045
CVE-2025-2048,0.00036
CVE-2025-2049,0.00045
CVE-2025-2050,0.00052
CVE-2025-2051,0.00038
CVE-2025-2052,0.00038
CVE-2025-2053,0.00038
CVE-2025-2054,0.00046
CVE-2025-2055,0.00042
CVE-2025-2056,0.00132
CVE-2025-2057,0.00052
CVE-2025-2058,0.00052
CVE-2025-2059,0.00052
CVE-2025-2060,0.00052
CVE-2025-2061,0.00045
CVE-2025-2062,0.00047
CVE-2025-2063,0.00049
CVE-2025-2064,0.00049
CVE-2025-2065,0.00049
CVE-2025-2066,0.00047
CVE-2025-2067,0.00049
CVE-2025-2071,0.01045
CVE-2025-2072,0.0006
CVE-2025-2074,0.00042
CVE-2025-2075,0.13357
CVE-2025-2076,0.00024
CVE-2025-2077,0.00111
CVE-2025-2078,0.00024
CVE-2025-2079,0.00058
CVE-2025-2080,0.0007
CVE-2025-2081,0.00058
CVE-2025-2083,0.00034
CVE-2025-2084,0.00033
CVE-2025-2085,0.00048
CVE-2025-2086,0.00036
CVE-2025-2087,0.00036
CVE-2025-2088,0.0004
CVE-2025-2089,0.00046
CVE-2025-2090,0.00049
CVE-2025-2093,0.00043
CVE-2025-2094,0.01526
CVE-2025-2095,0.01526
CVE-2025-2096,0.01526
CVE-2025-2097,0.00268
CVE-2025-2098,0.00011
CVE-2025-2103,0.00046
CVE-2025-2104,0.00029
CVE-2025-2106,0.00106
CVE-2025-2107,0.00113
CVE-2025-2108,0.00038
CVE-2025-2109,0.00068
CVE-2025-2110,0.00055
CVE-2025-2112,0.00036
CVE-2025-2113,0.00047
CVE-2025-2114,0.0005
CVE-2025-2115,0.00046
CVE-2025-2116,0.00034
CVE-2025-2117,0.00036
CVE-2025-2118,0.00047
CVE-2025-2119,0.0002
CVE-2025-2120,8e-05
CVE-2025-2121,0.00033
CVE-2025-2122,0.00026
CVE-2025-2123,0.0004
CVE-2025-2124,0.00036
CVE-2025-2125,0.0003
CVE-2025-2126,0.00285
CVE-2025-2127,0.00034
CVE-2025-2128,0.00029
CVE-2025-2129,0.07106
CVE-2025-2130,0.00035
CVE-2025-2131,0.0004
CVE-2025-2132,0.00035
CVE-2025-2133,0.0004
CVE-2025-2135,0.00075
CVE-2025-2136,0.00102
CVE-2025-2137,0.00075
CVE-2025-2147,0.0007
CVE-2025-2148,0.00048
CVE-2025-2149,0.00017
CVE-2025-2150,0.0004
CVE-2025-2151,0.00106
CVE-2025-2152,0.00042
CVE-2025-2153,0.00042
CVE-2025-2157,0.00011
CVE-2025-2159,0.00028
CVE-2025-2160,0.00035
CVE-2025-2161,0.00035
CVE-2025-2163,0.00019
CVE-2025-2164,0.00153
CVE-2025-2165,0.00147
CVE-2025-2166,0.00114
CVE-2025-2167,0.00032
CVE-2025-2169,0.00199
CVE-2025-2173,0.00078
CVE-2025-2174,0.00106
CVE-2025-2175,0.00051
CVE-2025-2176,0.00106
CVE-2025-2177,0.00106
CVE-2025-2186,0.00106
CVE-2025-2189,0.00012
CVE-2025-2190,0.00051
CVE-2025-2191,0.00036
CVE-2025-2192,0.00041
CVE-2025-2193,0.00109
CVE-2025-2194,0.00033
CVE-2025-2195,0.00033
CVE-2025-2196,0.00033
CVE-2025-2199,0.00042
CVE-2025-2200,0.00042
CVE-2025-2201,0.00054
CVE-2025-2202,0.00054
CVE-2025-2205,0.00034
CVE-2025-2206,0.00039
CVE-2025-2207,0.00039
CVE-2025-2208,0.00039
CVE-2025-2209,0.00039
CVE-2025-2210,0.00039
CVE-2025-2211,0.00039
CVE-2025-2212,0.00036
CVE-2025-2213,0.00036
CVE-2025-2214,0.00036
CVE-2025-2215,0.00136
CVE-2025-2216,0.00046
CVE-2025-2217,0.00034
CVE-2025-2218,0.0012
CVE-2025-2219,0.00061
CVE-2025-2220,0.00018
CVE-2025-2221,0.00109
CVE-2025-2222,0.00025
CVE-2025-2223,0.00022
CVE-2025-2224,0.0006
CVE-2025-2225,0.00034
CVE-2025-2228,0.00038
CVE-2025-2229,0.0001
CVE-2025-2230,0.00028
CVE-2025-2231,0.00074
CVE-2025-2232,0.00229
CVE-2025-2233,0.00039
CVE-2025-2237,0.00422
CVE-2025-2239,0.00039
CVE-2025-2240,0.00077
CVE-2025-2241,0.0004
CVE-2025-2242,0.00015
CVE-2025-2243,0.00097
CVE-2025-2244,0.00089
CVE-2025-2245,0.00059
CVE-2025-2249,0.00305
CVE-2025-2250,0.00045
CVE-2025-2251,0.00651
CVE-2025-2252,0.00058
CVE-2025-2255,0.00018
CVE-2025-2257,0.00377
CVE-2025-2258,0.00031
CVE-2025-2259,0.00031
CVE-2025-2260,0.00031
CVE-2025-2262,0.00085
CVE-2025-2263,0.00249
CVE-2025-2264,0.74534
CVE-2025-2265,0.0001
CVE-2025-2266,0.00133
CVE-2025-2267,0.00037
CVE-2025-2268,0.00054
CVE-2025-2269,0.0008
CVE-2025-2270,0.00387
CVE-2025-2271,0.00039
CVE-2025-2276,0.00029
CVE-2025-2277,0.00055
CVE-2025-2278,0.00035
CVE-2025-2279,0.00034
CVE-2025-2280,0.00035
CVE-2025-2284,0.00074
CVE-2025-2285,0.00022
CVE-2025-2286,0.00022
CVE-2025-2287,0.00022
CVE-2025-2288,0.00022
CVE-2025-2289,0.00041
CVE-2025-2290,0.00055
CVE-2025-2292,0.00053
CVE-2025-2293,0.00022
CVE-2025-2294,0.26875
CVE-2025-2295,0.00052
CVE-2025-2299,0.00051
CVE-2025-2302,0.00038
CVE-2025-2303,0.00315
CVE-2025-2304,0.00065
CVE-2025-2308,0.00019
CVE-2025-2309,0.00019
CVE-2025-2310,0.00019
CVE-2025-2311,0.00032
CVE-2025-2312,0.00019
CVE-2025-2314,0.00032
CVE-2025-2317,0.00097
CVE-2025-2319,0.00056
CVE-2025-2320,0.00066
CVE-2025-2321,0.0005
CVE-2025-2322,0.00066
CVE-2025-2323,0.00037
CVE-2025-2324,0.00015
CVE-2025-2325,0.00111
CVE-2025-2328,0.00207
CVE-2025-2331,0.00039
CVE-2025-2332,0.00257
CVE-2025-2334,0.00046
CVE-2025-2335,0.00036
CVE-2025-2337,0.00051
CVE-2025-2338,0.00051
CVE-2025-2339,0.00081
CVE-2025-2340,0.00039
CVE-2025-2341,0.00024
CVE-2025-2342,0.0005
CVE-2025-2343,0.00035
CVE-2025-2344,0.00081
CVE-2025-2345,0.00075
CVE-2025-2346,0.00028
CVE-2025-2347,0.00031
CVE-2025-2348,0.00028
CVE-2025-2349,0.0001
CVE-2025-2350,0.00033
CVE-2025-2351,0.00044
CVE-2025-2352,0.00039
CVE-2025-2353,0.00044
CVE-2025-2354,0.0004
CVE-2025-2355,0.00015
CVE-2025-2356,0.00046
CVE-2025-2357,0.00055
CVE-2025-2358,0.00036
CVE-2025-2359,0.00118
CVE-2025-2360,0.00123
CVE-2025-2361,0.00082
CVE-2025-2362,0.0005
CVE-2025-2363,0.00083
CVE-2025-2364,0.00036
CVE-2025-2365,0.00068
CVE-2025-2366,0.00039
CVE-2025-2367,0.01798
CVE-2025-2368,0.00092
CVE-2025-2369,0.00221
CVE-2025-2370,0.00221
CVE-2025-2371,0.00038
CVE-2025-2372,0.00052
CVE-2025-2373,0.00038
CVE-2025-2374,0.00038
CVE-2025-2375,0.00038
CVE-2025-2376,0.00054
CVE-2025-2377,0.00038
CVE-2025-2378,0.00042
CVE-2025-2379,0.0005
CVE-2025-2380,0.00052
CVE-2025-2381,0.00052
CVE-2025-2382,0.00052
CVE-2025-2383,0.00042
CVE-2025-2384,0.00032
CVE-2025-2385,0.0004
CVE-2025-2386,0.0004
CVE-2025-2387,0.0005
CVE-2025-2388,0.00105
CVE-2025-2389,0.00046
CVE-2025-2390,0.00034
CVE-2025-2391,0.00052
CVE-2025-2392,0.00046
CVE-2025-2393,0.00038
CVE-2025-2395,0.00307
CVE-2025-2396,0.00246
CVE-2025-2397,0.00035
CVE-2025-2398,0.00062
CVE-2025-2401,0.00016
CVE-2025-2402,0.00145
CVE-2025-2408,0.00017
CVE-2025-2419,0.00032
CVE-2025-2420,0.0002
CVE-2025-2424,0.00028
CVE-2025-2440,0.0002
CVE-2025-2441,0.0002
CVE-2025-2442,0.00029
CVE-2025-2449,0.00071
CVE-2025-2450,0.00045
CVE-2025-2469,0.00023
CVE-2025-2471,0.00038
CVE-2025-2472,0.0005
CVE-2025-2473,0.0005
CVE-2025-2475,0.00028
CVE-2025-2476,0.02587
CVE-2025-2477,0.0008
CVE-2025-2478,0.00044
CVE-2025-2479,0.00108
CVE-2025-2480,0.00021
CVE-2025-2481,0.00113
CVE-2025-2482,0.00108
CVE-2025-2483,0.00073
CVE-2025-2484,0.00114
CVE-2025-2485,0.00096
CVE-2025-2487,0.00074
CVE-2025-2489,0.00015
CVE-2025-2490,0.00041
CVE-2025-2491,0.00039
CVE-2025-2493,0.00087
CVE-2025-2494,0.00107
CVE-2025-2495,0.00062
CVE-2025-2497,0.00016
CVE-2025-2499,0.00026
CVE-2025-2505,0.00239
CVE-2025-2510,0.00029
CVE-2025-2511,0.00041
CVE-2025-2512,0.00306
CVE-2025-2513,0.00039
CVE-2025-2516,0.00015
CVE-2025-2519,0.00053
CVE-2025-2525,0.00416
CVE-2025-2526,0.00159
CVE-2025-2528,0.00014
CVE-2025-2530,0.00038
CVE-2025-2531,0.00035
CVE-2025-2532,0.00038
CVE-2025-2536,0.00102
CVE-2025-2538,0.00136
CVE-2025-2539,0.23659
CVE-2025-2541,0.00034
CVE-2025-2542,0.00044
CVE-2025-2544,0.00042
CVE-2025-2546,0.00141
CVE-2025-2547,0.00141
CVE-2025-2548,0.00141
CVE-2025-2549,0.00141
CVE-2025-2550,0.00141
CVE-2025-2551,0.00141
CVE-2025-2552,0.00141
CVE-2025-2553,0.00141
CVE-2025-2555,0.0002
CVE-2025-2556,0.00029
CVE-2025-2557,0.00047
CVE-2025-2559,0.00143
CVE-2025-2562,0.00046
CVE-2025-2563,0.17081
CVE-2025-2565,0.00056
CVE-2025-2567,0.00054
CVE-2025-2568,0.00075
CVE-2025-2572,0.00058
CVE-2025-2573,0.00041
CVE-2025-2574,0.0002
CVE-2025-2575,0.0004
CVE-2025-2576,0.00041
CVE-2025-2577,0.0004
CVE-2025-2578,0.00058
CVE-2025-2581,0.0011
CVE-2025-2582,0.00184
CVE-2025-2583,0.00154
CVE-2025-2584,0.00042
CVE-2025-2585,0.00083
CVE-2025-2586,0.00101
CVE-2025-2587,0.00036
CVE-2025-2588,0.00079
CVE-2025-2589,0.00078
CVE-2025-2590,0.00039
CVE-2025-2591,0.00074
CVE-2025-2592,0.00092
CVE-2025-2593,0.00031
CVE-2025-2596,0.00042
CVE-2025-2597,0.00034
CVE-2025-2598,0.00014
CVE-2025-2600,0.00041
CVE-2025-2601,0.00038
CVE-2025-2602,0.00038
CVE-2025-2603,0.00031
CVE-2025-2604,0.00031
CVE-2025-2606,0.0004
CVE-2025-2607,0.00042
CVE-2025-2608,0.00038
CVE-2025-2609,0.00092
CVE-2025-2610,0.00039
CVE-2025-2616,0.00039
CVE-2025-2617,0.00036
CVE-2025-2618,0.00393
CVE-2025-2619,0.00393
CVE-2025-2620,0.17771
CVE-2025-2621,0.00393
CVE-2025-2622,0.00046
CVE-2025-2623,0.00032
CVE-2025-2624,0.0003
CVE-2025-2625,0.00029
CVE-2025-2626,0.00033
CVE-2025-2627,0.00033
CVE-2025-2628,0.00034
CVE-2025-2629,0.00013
CVE-2025-2630,0.00013
CVE-2025-2631,0.0002
CVE-2025-2632,0.0002
CVE-2025-2635,0.00121
CVE-2025-2636,0.00331
CVE-2025-2637,0.00055
CVE-2025-2638,0.00042
CVE-2025-2639,0.00056
CVE-2025-2640,0.00039
CVE-2025-2641,0.00032
CVE-2025-2642,0.00032
CVE-2025-2643,0.00032
CVE-2025-2644,0.00032
CVE-2025-2645,0.00032
CVE-2025-2646,0.00039
CVE-2025-2647,0.00037
CVE-2025-2648,0.00037
CVE-2025-2649,0.00037
CVE-2025-2650,0.00039
CVE-2025-2651,0.00044
CVE-2025-2652,0.00058
CVE-2025-2653,0.00032
CVE-2025-2654,0.0004
CVE-2025-2655,0.00041
CVE-2025-2656,0.00041
CVE-2025-2657,0.00038
CVE-2025-2658,0.00041
CVE-2025-2659,0.00038
CVE-2025-2660,0.00038
CVE-2025-2661,0.00038
CVE-2025-2662,0.00035
CVE-2025-2663,0.00041
CVE-2025-2664,0.00041
CVE-2025-2665,0.00048
CVE-2025-2671,0.00044
CVE-2025-2672,0.00033
CVE-2025-2673,0.00044
CVE-2025-2674,0.0004
CVE-2025-2675,0.0004
CVE-2025-2676,0.00041
CVE-2025-2677,0.0004
CVE-2025-2678,0.0004
CVE-2025-2679,0.00041
CVE-2025-2680,0.00039
CVE-2025-2681,0.0004
CVE-2025-2682,0.00037
CVE-2025-2683,0.0004
CVE-2025-2684,0.0004
CVE-2025-2685,0.00039
CVE-2025-2686,0.00061
CVE-2025-2687,0.00045
CVE-2025-2688,0.00062
CVE-2025-2689,0.0006
CVE-2025-2690,0.00044
CVE-2025-2691,0.00043
CVE-2025-2699,0.00042
CVE-2025-2700,0.00027
CVE-2025-2701,0.01526
CVE-2025-2702,0.00044
CVE-2025-2704,0.00105
CVE-2025-2705,0.00065
CVE-2025-2706,0.00043
CVE-2025-2707,0.00051
CVE-2025-2708,0.00065
CVE-2025-2709,0.00034
CVE-2025-2710,0.00036
CVE-2025-2711,0.00036
CVE-2025-2712,0.00034
CVE-2025-2713,5e-05
CVE-2025-2714,0.00034
CVE-2025-2715,0.00034
CVE-2025-2716,0.00074
CVE-2025-2717,0.00451
CVE-2025-2719,0.00029
CVE-2025-2721,0.00021
CVE-2025-2722,0.00017
CVE-2025-2723,0.00017
CVE-2025-2724,0.00015
CVE-2025-2725,0.03179
CVE-2025-2726,0.03179
CVE-2025-2727,0.03179
CVE-2025-2728,0.03179
CVE-2025-2729,0.03179
CVE-2025-2730,0.03179
CVE-2025-2731,0.03179
CVE-2025-2732,0.03179
CVE-2025-2733,0.01526
CVE-2025-2734,0.00041
CVE-2025-2735,0.00041
CVE-2025-2736,0.00043
CVE-2025-2737,0.00048
CVE-2025-2738,0.00048
CVE-2025-2739,0.00048
CVE-2025-2740,0.00038
CVE-2025-2742,0.0006
CVE-2025-2743,0.00051
CVE-2025-2744,0.00051
CVE-2025-2746,0.00127
CVE-2025-2747,0.00127
CVE-2025-2748,0.01662
CVE-2025-2749,0.00247
CVE-2025-2750,0.00064
CVE-2025-2751,0.00051
CVE-2025-2752,0.00051
CVE-2025-2753,0.00051
CVE-2025-2754,0.00051
CVE-2025-2755,0.00051
CVE-2025-2756,0.00051
CVE-2025-2757,0.00051
CVE-2025-2779,0.00034
CVE-2025-2780,0.00321
CVE-2025-2781,0.00014
CVE-2025-2782,0.00014
CVE-2025-2783,0.15142
CVE-2025-2784,0.00567
CVE-2025-2786,0.00028
CVE-2025-2787,0.0006
CVE-2025-2789,0.00064
CVE-2025-2794,0.00084
CVE-2025-2797,0.00014
CVE-2025-2798,0.00336
CVE-2025-2803,0.00283
CVE-2025-2804,0.00116
CVE-2025-2805,0.00196
CVE-2025-2807,0.0024
CVE-2025-2808,0.00029
CVE-2025-2809,0.00196
CVE-2025-2814,0.00017
CVE-2025-2815,0.0005
CVE-2025-2819,0.00017
CVE-2025-2820,0.00045
CVE-2025-2829,0.00022
CVE-2025-2830,0.00034
CVE-2025-2831,0.00027
CVE-2025-2832,0.00029
CVE-2025-2833,0.00135
CVE-2025-2835,0.00033
CVE-2025-2836,0.00042
CVE-2025-2837,0.00108
CVE-2025-2838,0.00165
CVE-2025-2840,0.00051
CVE-2025-2841,0.00053
CVE-2025-2842,0.00028
CVE-2025-2846,0.00043
CVE-2025-2847,0.00034
CVE-2025-2849,0.00018
CVE-2025-2852,0.00035
CVE-2025-2854,0.00036
CVE-2025-2855,0.00175
CVE-2025-2857,0.00094
CVE-2025-2858,0.00017
CVE-2025-2859,0.0003
CVE-2025-2860,0.00043
CVE-2025-2861,0.00013
CVE-2025-2862,0.00023
CVE-2025-2863,0.00014
CVE-2025-2864,0.00048
CVE-2025-2865,0.00017
CVE-2025-2867,0.00017
CVE-2025-2868,0.0006
CVE-2025-2869,0.0006
CVE-2025-2870,0.0006
CVE-2025-2871,0.00013
CVE-2025-2874,0.00031
CVE-2025-2876,0.00063
CVE-2025-2877,0.00039
CVE-2025-2878,0.00033
CVE-2025-2881,0.00047
CVE-2025-2882,0.0005
CVE-2025-2883,0.0005
CVE-2025-2885,0.00104
CVE-2025-2886,0.00055
CVE-2025-2887,0.00055
CVE-2025-2888,0.00055
CVE-2025-2889,0.00037
CVE-2025-2891,0.00305
CVE-2025-2894,0.00063
CVE-2025-2901,0.00034
CVE-2025-2906,0.0003
CVE-2025-2908,0.00039
CVE-2025-2909,5e-05
CVE-2025-2910,0.00068
CVE-2025-2911,0.0005
CVE-2025-2912,0.00016
CVE-2025-2913,0.00016
CVE-2025-2914,0.00016
CVE-2025-2915,0.00018
CVE-2025-2916,0.01741
CVE-2025-2917,0.001
CVE-2025-2919,0.0002
CVE-2025-2920,7e-05
CVE-2025-2921,0.0002
CVE-2025-2922,7e-05
CVE-2025-2923,0.00016
CVE-2025-2924,0.00018
CVE-2025-2925,0.00018
CVE-2025-2926,0.00016
CVE-2025-2927,0.00037
CVE-2025-2933,0.0005
CVE-2025-2941,0.00271
CVE-2025-2945,0.52157
CVE-2025-2946,0.00047
CVE-2025-2951,0.00033
CVE-2025-2952,0.00045
CVE-2025-2953,0.00022
CVE-2025-2954,0.00016
CVE-2025-2955,0.0013
CVE-2025-2956,0.00034
CVE-2025-2957,0.00034
CVE-2025-2958,0.00034
CVE-2025-2959,0.00184
CVE-2025-2960,0.00184
CVE-2025-2961,0.00049
CVE-2025-2973,0.00044
CVE-2025-2974,0.00034
CVE-2025-2975,0.00034
CVE-2025-2976,0.00032
CVE-2025-2977,0.00034
CVE-2025-2978,0.00043
CVE-2025-2979,0.00033
CVE-2025-2980,0.00028
CVE-2025-2981,0.00034
CVE-2025-2982,0.00045
CVE-2025-2983,0.0381
CVE-2025-2984,0.00036
CVE-2025-2985,0.00036
CVE-2025-2989,0.00078
CVE-2025-2990,0.00078
CVE-2025-2991,0.0013
CVE-2025-2992,0.0013
CVE-2025-2993,0.00042
CVE-2025-2994,0.00078
CVE-2025-2995,0.00078
CVE-2025-2996,0.0013
CVE-2025-2997,0.00043
CVE-2025-2998,0.00019
CVE-2025-2999,0.00019
CVE-2025-30000,0.0001
CVE-2025-30004,0.00229
CVE-2025-30005,0.0006
CVE-2025-30006,0.00034
CVE-2025-30013,0.00066
CVE-2025-30014,0.00204
CVE-2025-30015,0.00045
CVE-2025-30016,0.00179
CVE-2025-30017,0.00014
CVE-2025-30022,0.00031
CVE-2025-30065,0.0021
CVE-2025-30066,0.63872
CVE-2025-30067,0.00144
CVE-2025-30073,0.00042
CVE-2025-30074,0.00014
CVE-2025-30076,0.00038
CVE-2025-30077,0.00019
CVE-2025-30080,0.00133
CVE-2025-30089,0.00058
CVE-2025-30090,0.00042
CVE-2025-30091,0.0035
CVE-2025-30092,0.00034
CVE-2025-30093,0.00038
CVE-2025-30095,0.00064
CVE-2025-30100,0.00012
CVE-2025-30106,0.00042
CVE-2025-30107,0.0004
CVE-2025-30109,0.00036
CVE-2025-30110,0.00092
CVE-2025-30111,0.00081
CVE-2025-30112,0.00045
CVE-2025-30113,0.00071
CVE-2025-30114,0.00089
CVE-2025-30115,0.00071
CVE-2025-30116,0.00199
CVE-2025-30117,0.00071
CVE-2025-30118,0.00081
CVE-2025-30122,0.00071
CVE-2025-30123,0.00071
CVE-2025-30132,0.00036
CVE-2025-30137,0.00108
CVE-2025-30138,0.0002
CVE-2025-30139,0.00059
CVE-2025-30140,0.00039
CVE-2025-30141,0.00045
CVE-2025-30142,0.00072
CVE-2025-30143,0.00042
CVE-2025-30144,0.00915
CVE-2025-30148,0.00032
CVE-2025-30149,0.00196
CVE-2025-30150,0.00055
CVE-2025-30151,0.00052
CVE-2025-30152,0.00036
CVE-2025-30153,0.00078
CVE-2025-30154,0.60826
CVE-2025-30155,0.00026
CVE-2025-30157,3e-05
CVE-2025-30160,0.00069
CVE-2025-30161,0.00057
CVE-2025-30162,0.0002
CVE-2025-30163,0.00027
CVE-2025-30164,0.00029
CVE-2025-30166,2e-05
CVE-2025-30168,0.00099
CVE-2025-30177,0.00175
CVE-2025-30179,0.00031
CVE-2025-30195,0.00024
CVE-2025-30196,0.0004
CVE-2025-30197,0.00035
CVE-2025-30203,0.00038
CVE-2025-30204,0.00071
CVE-2025-30205,0.00036
CVE-2025-30206,0.00073
CVE-2025-30208,0.63193
CVE-2025-30209,0.00042
CVE-2025-30210,0.00032
CVE-2025-30211,0.00057
CVE-2025-30212,0.00044
CVE-2025-30213,0.00226
CVE-2025-30214,0.00069
CVE-2025-30215,0.00032
CVE-2025-30216,0.01243
CVE-2025-30217,0.0004
CVE-2025-30218,0.0006
CVE-2025-30219,0.0011
CVE-2025-30221,0.00041
CVE-2025-30222,0.00021
CVE-2025-30223,0.00038
CVE-2025-30224,0.0006
CVE-2025-30225,0.00056
CVE-2025-30232,0.00028
CVE-2025-30234,0.00042
CVE-2025-30235,0.00049
CVE-2025-30236,0.00079
CVE-2025-30254,0.00051
CVE-2025-30257,0.00038
CVE-2025-30258,0.0001
CVE-2025-30259,0.00032
CVE-2025-30280,0.00038
CVE-2025-30281,0.00212
CVE-2025-30282,0.00557
CVE-2025-30284,0.05604
CVE-2025-30285,0.05664
CVE-2025-30286,0.00661
CVE-2025-30287,0.00063
CVE-2025-30288,0.00393
CVE-2025-30289,0.00207
CVE-2025-30290,0.00168
CVE-2025-30291,0.0027
CVE-2025-30292,0.00078
CVE-2025-30293,0.00481
CVE-2025-30294,0.00304
CVE-2025-30295,0.00027
CVE-2025-30296,0.00027
CVE-2025-30297,0.00034
CVE-2025-30298,0.00027
CVE-2025-30299,0.00027
CVE-2025-30300,0.00026
CVE-2025-30301,0.00019
CVE-2025-30302,0.00024
CVE-2025-30303,0.00024
CVE-2025-30304,0.00034
CVE-2025-30305,0.00024
CVE-2025-30306,0.00024
CVE-2025-30307,0.00024
CVE-2025-30308,0.00024
CVE-2025-30309,0.00024
CVE-2025-30334,0.00051
CVE-2025-30342,0.0003
CVE-2025-30343,0.00215
CVE-2025-30344,0.00039
CVE-2025-30345,0.00032
CVE-2025-30346,0.00059
CVE-2025-30347,0.00051
CVE-2025-30348,0.00058
CVE-2025-30349,0.035
CVE-2025-30350,0.00056
CVE-2025-30351,0.00035
CVE-2025-30352,0.0003
CVE-2025-30353,0.00044
CVE-2025-30354,0.0002
CVE-2025-30355,0.01465
CVE-2025-30356,0.00062
CVE-2025-30358,0.00368
CVE-2025-30361,0.00075
CVE-2025-30362,0.00062
CVE-2025-30363,0.00062
CVE-2025-30364,0.00073
CVE-2025-30365,0.0006
CVE-2025-30366,0.00057
CVE-2025-30367,0.00045
CVE-2025-30368,0.00033
CVE-2025-30369,0.00035
CVE-2025-30370,0.00087
CVE-2025-30371,0.00061
CVE-2025-30372,0.00041
CVE-2025-30373,0.00016
CVE-2025-30401,0.0018
CVE-2025-30406,0.70426
CVE-2025-30407,0.00015
CVE-2025-30424,0.00061
CVE-2025-30425,0.0004
CVE-2025-30426,0.0007
CVE-2025-30427,0.00086
CVE-2025-30428,0.00036
CVE-2025-30429,0.00017
CVE-2025-30430,0.00121
CVE-2025-30432,0.00058
CVE-2025-30433,0.00069
CVE-2025-30434,0.00021
CVE-2025-30435,0.00015
CVE-2025-30437,0.00047
CVE-2025-30438,0.00014
CVE-2025-30439,0.0002
CVE-2025-30441,0.00015
CVE-2025-30443,0.00013
CVE-2025-30444,0.00055
CVE-2025-30446,0.00043
CVE-2025-30447,0.00015
CVE-2025-30449,0.00014
CVE-2025-30450,0.00014
CVE-2025-30451,0.00015
CVE-2025-30452,0.0015
CVE-2025-30454,0.00015
CVE-2025-30455,0.00013
CVE-2025-30456,0.00013
CVE-2025-30457,0.00067
CVE-2025-30458,0.00066
CVE-2025-30460,0.00044
CVE-2025-30461,0.00063
CVE-2025-30462,0.00059
CVE-2025-30463,0.00012
CVE-2025-30464,0.00016
CVE-2025-30465,0.00049
CVE-2025-30467,0.00029
CVE-2025-30469,0.0002
CVE-2025-30470,0.00013
CVE-2025-30471,0.00218
CVE-2025-30472,0.0005
CVE-2025-30473,0.0005
CVE-2025-30474,0.00056
CVE-2025-30485,0.0003
CVE-2025-30510,0.00025
CVE-2025-30511,0.00053
CVE-2025-30512,0.00062
CVE-2025-30514,0.00051
CVE-2025-30516,0.00019
CVE-2025-30520,0.00039
CVE-2025-30521,0.00017
CVE-2025-30522,0.00017
CVE-2025-30523,0.00039
CVE-2025-30524,0.00041
CVE-2025-30525,0.00039
CVE-2025-30526,0.00017
CVE-2025-30527,0.00036
CVE-2025-30528,0.00022
CVE-2025-30529,0.00017
CVE-2025-30530,0.00036
CVE-2025-30531,0.00017
CVE-2025-30532,0.00036
CVE-2025-30533,0.00035
CVE-2025-30534,0.00017
CVE-2025-30535,0.00017
CVE-2025-30536,0.00036
CVE-2025-30537,0.00036
CVE-2025-30538,0.00017
CVE-2025-30539,0.00036
CVE-2025-30540,0.00036
CVE-2025-30541,0.00017
CVE-2025-30542,0.00017
CVE-2025-30543,0.00034
CVE-2025-30544,0.00039
CVE-2025-30545,0.00036
CVE-2025-30546,0.00017
CVE-2025-30547,0.00039
CVE-2025-30548,0.00039
CVE-2025-30549,0.00017
CVE-2025-30550,0.00017
CVE-2025-30551,0.00039
CVE-2025-30552,0.00017
CVE-2025-30553,0.00035
CVE-2025-30554,0.00039
CVE-2025-30555,0.00017
CVE-2025-30556,0.00017
CVE-2025-30557,0.00017
CVE-2025-30558,0.00017
CVE-2025-30559,0.00039
CVE-2025-30560,0.00017
CVE-2025-30561,0.00017
CVE-2025-30563,0.00039
CVE-2025-30564,0.00017
CVE-2025-30565,0.00017
CVE-2025-30566,0.00034
CVE-2025-30567,0.33315
CVE-2025-30568,0.00017
CVE-2025-30569,0.00035
CVE-2025-30570,0.00038
CVE-2025-30571,0.00038
CVE-2025-30572,0.00017
CVE-2025-30573,0.00036
CVE-2025-30574,0.00036
CVE-2025-30575,0.00036
CVE-2025-30576,0.00017
CVE-2025-30577,0.00017
CVE-2025-30578,0.00017
CVE-2025-30579,0.00039
CVE-2025-30580,0.00068
CVE-2025-30581,0.00039
CVE-2025-30582,0.00061
CVE-2025-30583,0.00017
CVE-2025-30584,0.00017
CVE-2025-30585,0.00017
CVE-2025-30586,0.00017
CVE-2025-30587,0.00017
CVE-2025-30588,0.00017
CVE-2025-30589,0.00038
CVE-2025-30590,0.00033
CVE-2025-30591,0.0004
CVE-2025-30592,0.00039
CVE-2025-30593,0.00034
CVE-2025-30594,0.00055
CVE-2025-30595,0.00034
CVE-2025-30596,0.00055
CVE-2025-30597,0.00034
CVE-2025-30598,0.00016
CVE-2025-30599,0.00034
CVE-2025-30600,0.00034
CVE-2025-30601,0.00016
CVE-2025-30602,0.00037
CVE-2025-30603,0.00016
CVE-2025-30604,0.00039
CVE-2025-30605,0.0003
CVE-2025-30606,0.00034
CVE-2025-30607,0.00039
CVE-2025-30608,0.00016
CVE-2025-30609,0.00037
CVE-2025-30610,0.00035
CVE-2025-30611,0.00039
CVE-2025-30612,0.00016
CVE-2025-30613,0.00039
CVE-2025-30614,0.00039
CVE-2025-30615,0.0002
CVE-2025-30616,0.00039
CVE-2025-30617,0.00016
CVE-2025-30619,0.00017
CVE-2025-30620,0.00016
CVE-2025-30621,0.00016
CVE-2025-30622,0.00043
CVE-2025-30623,0.00034
CVE-2025-30644,0.00054
CVE-2025-30645,0.00052
CVE-2025-30646,0.00022
CVE-2025-30647,0.00019
CVE-2025-30648,0.00029
CVE-2025-30649,0.00052
CVE-2025-30651,0.00052
CVE-2025-30652,0.00015
CVE-2025-30653,0.00019
CVE-2025-30654,0.00013
CVE-2025-30655,0.00014
CVE-2025-30656,0.00052
CVE-2025-30657,0.00051
CVE-2025-30658,0.00052
CVE-2025-30659,0.00052
CVE-2025-30660,0.00052
CVE-2025-30670,0.00044
CVE-2025-30671,0.00044
CVE-2025-30672,0.00062
CVE-2025-30673,0.00059
CVE-2025-30676,0.00238
CVE-2025-30677,0.00044
CVE-2025-30681,0.00043
CVE-2025-30682,0.00041
CVE-2025-30683,0.00044
CVE-2025-30684,0.00044
CVE-2025-30685,0.00044
CVE-2025-30686,0.00051
CVE-2025-30687,0.00041
CVE-2025-30688,0.00041
CVE-2025-30689,0.00044
CVE-2025-30690,0.00019
CVE-2025-30691,0.00035
CVE-2025-30692,0.00038
CVE-2025-30693,0.00044
CVE-2025-30694,0.00027
CVE-2025-30695,0.00044
CVE-2025-30696,0.00044
CVE-2025-30697,0.00027
CVE-2025-30698,0.00047
CVE-2025-30699,0.00044
CVE-2025-30700,0.00027
CVE-2025-30701,0.00045
CVE-2025-30702,0.00036
CVE-2025-30703,0.00032
CVE-2025-30704,0.00048
CVE-2025-30705,0.00048
CVE-2025-30706,0.00091
CVE-2025-30707,0.0005
CVE-2025-30708,0.00042
CVE-2025-30709,0.00029
CVE-2025-30710,0.00044
CVE-2025-30711,0.00027
CVE-2025-30712,0.00029
CVE-2025-30713,0.00027
CVE-2025-30714,0.00034
CVE-2025-30715,0.00048
CVE-2025-30716,0.0005
CVE-2025-30717,0.00034
CVE-2025-30718,0.0003
CVE-2025-30719,0.00014
CVE-2025-30720,0.0003
CVE-2025-30721,0.00013
CVE-2025-30722,0.00034
CVE-2025-30723,0.00043
CVE-2025-30724,0.00048
CVE-2025-30725,0.00017
CVE-2025-30726,0.00038
CVE-2025-30727,0.00114
CVE-2025-30728,0.0005
CVE-2025-30729,0.00031
CVE-2025-30730,0.00052
CVE-2025-30731,0.00013
CVE-2025-30732,0.00029
CVE-2025-30733,0.00041
CVE-2025-30735,0.0005
CVE-2025-30736,0.00062
CVE-2025-30737,0.00031
CVE-2025-30740,0.00038
CVE-2025-30741,0.0003
CVE-2025-30742,0.0005
CVE-2025-30763,0.00039
CVE-2025-30764,0.00017
CVE-2025-30765,0.00039
CVE-2025-30766,0.00039
CVE-2025-30767,0.00032
CVE-2025-30768,0.00039
CVE-2025-30769,0.00017
CVE-2025-30770,0.00039
CVE-2025-30771,0.00039
CVE-2025-30772,0.0005
CVE-2025-30773,0.00063
CVE-2025-30774,0.00035
CVE-2025-30775,0.00038
CVE-2025-30776,0.00039
CVE-2025-30777,0.00034
CVE-2025-30778,0.00039
CVE-2025-30779,0.00039
CVE-2025-30780,0.00039
CVE-2025-30781,0.00033
CVE-2025-30782,0.00147
CVE-2025-30783,0.00019
CVE-2025-30784,0.00038
CVE-2025-30785,0.00147
CVE-2025-30786,0.00039
CVE-2025-30787,0.00017
CVE-2025-30788,0.00019
CVE-2025-30789,0.00036
CVE-2025-30790,0.0004
CVE-2025-30791,0.00039
CVE-2025-30792,0.00036
CVE-2025-30793,0.00062
CVE-2025-30794,0.00039
CVE-2025-30795,0.00033
CVE-2025-30796,0.00039
CVE-2025-30797,0.00059
CVE-2025-30798,0.00039
CVE-2025-30799,0.00036
CVE-2025-30800,0.00039
CVE-2025-30801,0.00017
CVE-2025-30802,0.00035
CVE-2025-30803,0.00034
CVE-2025-30804,0.00017
CVE-2025-30805,0.00017
CVE-2025-30806,0.00038
CVE-2025-30807,0.00043
CVE-2025-30808,0.00039
CVE-2025-30809,0.00046
CVE-2025-30810,0.00038
CVE-2025-30811,0.00017
CVE-2025-30812,0.00039
CVE-2025-30813,0.00039
CVE-2025-30814,0.00147
CVE-2025-30815,0.00017
CVE-2025-30816,0.00017
CVE-2025-30817,0.00046
CVE-2025-30818,0.00039
CVE-2025-30819,0.00038
CVE-2025-30820,0.00147
CVE-2025-30821,0.00057
CVE-2025-30822,0.00017
CVE-2025-30823,0.00017
CVE-2025-30824,0.00046
CVE-2025-30825,0.0005
CVE-2025-30826,0.00039
CVE-2025-30827,0.00039
CVE-2025-30828,0.0004
CVE-2025-30829,0.00147
CVE-2025-30830,0.0004
CVE-2025-30831,0.00147
CVE-2025-30832,0.00039
CVE-2025-30833,0.00017
CVE-2025-30834,0.00053
CVE-2025-30835,0.00124
CVE-2025-30836,0.00039
CVE-2025-30837,0.00039
CVE-2025-30838,0.00039
CVE-2025-30839,0.0004
CVE-2025-30840,0.00039
CVE-2025-30841,0.0006
CVE-2025-30842,0.00017
CVE-2025-30843,0.00039
CVE-2025-30844,0.00039
CVE-2025-30845,0.00135
CVE-2025-30846,0.00147
CVE-2025-30847,0.00036
CVE-2025-30848,0.00039
CVE-2025-30849,0.00165
CVE-2025-30850,0.00039
CVE-2025-30851,0.00034
CVE-2025-30852,0.00039
CVE-2025-30853,0.00046
CVE-2025-30854,0.00017
CVE-2025-30855,0.0004
CVE-2025-30856,0.00017
CVE-2025-30857,0.00017
CVE-2025-30858,0.00039
CVE-2025-30859,0.00033
CVE-2025-30860,0.00039
CVE-2025-30861,0.00048
CVE-2025-30862,0.00017
CVE-2025-30863,0.00017
CVE-2025-30864,0.00034
CVE-2025-30865,0.00017
CVE-2025-30866,0.0004
CVE-2025-30867,0.00039
CVE-2025-30868,0.00135
CVE-2025-30869,0.00039
CVE-2025-30870,0.00165
CVE-2025-30871,0.00147
CVE-2025-30872,0.00017
CVE-2025-30873,0.00039
CVE-2025-30874,0.00032
CVE-2025-30876,0.00043
CVE-2025-30877,0.00033
CVE-2025-30878,0.00069
CVE-2025-30879,0.00039
CVE-2025-30880,0.00059
CVE-2025-30881,0.00034
CVE-2025-30882,0.00062
CVE-2025-30883,0.00034
CVE-2025-30884,0.00033
CVE-2025-30885,0.00033
CVE-2025-30886,0.00043
CVE-2025-30887,0.0004
CVE-2025-30888,0.00017
CVE-2025-30889,0.00061
CVE-2025-30890,0.00147
CVE-2025-30891,0.00147
CVE-2025-30892,0.00061
CVE-2025-30893,0.00039
CVE-2025-30894,0.00034
CVE-2025-30895,0.0006
CVE-2025-30896,0.00046
CVE-2025-30897,0.00034
CVE-2025-30898,0.00039
CVE-2025-30899,0.00036
CVE-2025-30900,0.00039
CVE-2025-30901,0.00165
CVE-2025-30902,0.00039
CVE-2025-30903,0.00039
CVE-2025-30904,0.00036
CVE-2025-30905,0.00039
CVE-2025-30906,0.00039
CVE-2025-30907,0.00039
CVE-2025-30908,0.00017
CVE-2025-30909,0.00034
CVE-2025-30910,0.00069
CVE-2025-30911,0.00252
CVE-2025-30912,0.00018
CVE-2025-30913,0.00039
CVE-2025-30914,0.00033
CVE-2025-30915,0.00054
CVE-2025-30916,0.00054
CVE-2025-30917,0.00039
CVE-2025-30918,0.00039
CVE-2025-30919,0.00017
CVE-2025-30920,0.00039
CVE-2025-30921,0.00039
CVE-2025-30922,0.00039
CVE-2025-30923,0.00017
CVE-2025-30924,0.00039
CVE-2025-30925,0.00039
CVE-2025-30926,0.00034
CVE-2025-30960,0.00039
CVE-2025-30961,0.00039
CVE-2025-30962,0.00036
CVE-2025-30963,0.00039
CVE-2025-30964,0.00035
CVE-2025-30965,0.00016
CVE-2025-30966,0.00039
CVE-2025-30967,0.00019
CVE-2025-30970,0.00036
CVE-2025-30971,0.00043
CVE-2025-30982,0.00034
CVE-2025-30984,0.00036
CVE-2025-30985,0.00054
CVE-2025-30987,0.00039
CVE-2025-31001,0.00044
CVE-2025-31002,0.00051
CVE-2025-31003,0.00033
CVE-2025-31004,0.00029
CVE-2025-31005,0.00016
CVE-2025-31008,0.00033
CVE-2025-31009,0.00035
CVE-2025-31010,0.00018
CVE-2025-31011,0.00036
CVE-2025-31012,0.00037
CVE-2025-31014,0.00127
CVE-2025-31015,0.00114
CVE-2025-31016,0.00147
CVE-2025-31017,0.00034
CVE-2025-31020,0.00034
CVE-2025-31021,0.00036
CVE-2025-31023,0.00019
CVE-2025-31024,0.00038
CVE-2025-31026,0.00015
CVE-2025-31028,0.00036
CVE-2025-31031,0.00036
CVE-2025-31032,0.00015
CVE-2025-31033,0.00025
CVE-2025-31034,0.00016
CVE-2025-31035,0.00033
CVE-2025-31036,0.00019
CVE-2025-31038,0.00019
CVE-2025-31040,0.00151
CVE-2025-31041,0.00037
CVE-2025-31042,0.00037
CVE-2025-31043,0.00039
CVE-2025-31073,0.00039
CVE-2025-31074,0.00061
CVE-2025-31075,0.00039
CVE-2025-31076,0.00032
CVE-2025-31077,0.00039
CVE-2025-31078,0.00039
CVE-2025-31079,0.00017
CVE-2025-31080,0.00039
CVE-2025-31081,0.00039
CVE-2025-31082,0.00152
CVE-2025-31083,0.00039
CVE-2025-31084,0.00058
CVE-2025-31085,0.00039
CVE-2025-31086,0.00039
CVE-2025-31087,0.00058
CVE-2025-31088,0.00039
CVE-2025-31089,0.00038
CVE-2025-31090,0.00039
CVE-2025-31091,0.00039
CVE-2025-31092,0.00039
CVE-2025-31093,0.00039
CVE-2025-31094,0.00039
CVE-2025-31095,0.00088
CVE-2025-31096,0.00039
CVE-2025-31097,0.00165
CVE-2025-31098,0.00124
CVE-2025-31099,0.00039
CVE-2025-31101,0.00036
CVE-2025-31102,0.00039
CVE-2025-31103,0.00042
CVE-2025-31115,0.00128
CVE-2025-31116,0.00045
CVE-2025-31117,0.00134
CVE-2025-31119,0.00233
CVE-2025-31121,0.00332
CVE-2025-31122,0.00059
CVE-2025-31123,0.00051
CVE-2025-31124,0.00064
CVE-2025-31125,0.08284
CVE-2025-31126,0.00022
CVE-2025-31127,0.00022
CVE-2025-31128,0.00067
CVE-2025-31129,0.00048
CVE-2025-31130,0.0002
CVE-2025-31131,0.27983
CVE-2025-31132,0.00088
CVE-2025-31135,0.00055
CVE-2025-31137,0.00062
CVE-2025-31138,0.0003
CVE-2025-31139,2e-05
CVE-2025-31140,0.00015
CVE-2025-31141,3e-05
CVE-2025-31147,0.00038
CVE-2025-31160,0.00046
CVE-2025-31161,0.38423
CVE-2025-31162,0.00024
CVE-2025-31163,0.00024
CVE-2025-31164,0.00024
CVE-2025-31165,0.00053
CVE-2025-31170,0.00016
CVE-2025-31171,8e-05
CVE-2025-31172,6e-05
CVE-2025-31173,6e-05
CVE-2025-31174,0.00026
CVE-2025-31175,0.00041
CVE-2025-31176,0.00019
CVE-2025-31178,0.00019
CVE-2025-31179,0.00019
CVE-2025-31180,0.00019
CVE-2025-31181,0.00019
CVE-2025-31182,0.00105
CVE-2025-31183,0.00066
CVE-2025-31184,0.00014
CVE-2025-31187,0.00012
CVE-2025-31188,0.00013
CVE-2025-31191,0.00013
CVE-2025-31192,0.00041
CVE-2025-31194,0.00121
CVE-2025-31282,0.00029
CVE-2025-31283,0.00029
CVE-2025-31284,0.00029
CVE-2025-31285,0.00029
CVE-2025-31286,0.00033
CVE-2025-31330,0.00053
CVE-2025-31331,0.00028
CVE-2025-31332,0.0001
CVE-2025-31333,0.00032
CVE-2025-31334,0.00253
CVE-2025-31335,0.00017
CVE-2025-31344,0.00015
CVE-2025-31354,0.00014
CVE-2025-31357,0.00051
CVE-2025-31360,0.00061
CVE-2025-31362,0.00026
CVE-2025-31363,0.00027
CVE-2025-31375,0.00015
CVE-2025-31376,0.00034
CVE-2025-31377,0.00054
CVE-2025-31378,0.00036
CVE-2025-31379,0.00036
CVE-2025-31381,0.00054
CVE-2025-31382,0.00015
CVE-2025-31383,0.00015
CVE-2025-31384,0.00039
CVE-2025-31385,0.00015
CVE-2025-31386,0.0004
CVE-2025-31387,0.00124
CVE-2025-31388,0.00015
CVE-2025-31389,0.00039
CVE-2025-31390,0.00015
CVE-2025-31391,0.00015
CVE-2025-31392,0.00015
CVE-2025-31393,0.00015
CVE-2025-31394,0.00036
CVE-2025-31395,0.00015
CVE-2025-31399,0.00015
CVE-2025-31400,0.00015
CVE-2025-31401,0.00015
CVE-2025-31402,0.00015
CVE-2025-31403,0.00043
CVE-2025-31404,0.00015
CVE-2025-31405,0.00124
CVE-2025-31406,0.00034
CVE-2025-31407,0.00039
CVE-2025-31408,0.00034
CVE-2025-31409,0.00039
CVE-2025-31410,0.00017
CVE-2025-31411,0.00048
CVE-2025-31412,0.00039
CVE-2025-31414,0.00039
CVE-2025-31415,0.00045
CVE-2025-31416,0.00039
CVE-2025-31417,0.00034
CVE-2025-31418,0.00039
CVE-2025-31419,0.00039
CVE-2025-31420,0.00044
CVE-2025-31421,0.00039
CVE-2025-31431,0.00039
CVE-2025-31432,0.00147
CVE-2025-31433,0.00039
CVE-2025-31434,0.00039
CVE-2025-31435,0.00017
CVE-2025-31436,0.00039
CVE-2025-31437,0.00036
CVE-2025-31438,0.00017
CVE-2025-31439,0.00018
CVE-2025-31440,0.00017
CVE-2025-31441,0.00039
CVE-2025-31442,0.00039
CVE-2025-31443,0.00017
CVE-2025-31444,0.00017
CVE-2025-31445,0.00039
CVE-2025-31446,0.00039
CVE-2025-31447,0.00018
CVE-2025-31448,0.00018
CVE-2025-31449,0.00017
CVE-2025-31450,0.00039
CVE-2025-31451,0.00039
CVE-2025-31452,0.00039
CVE-2025-31453,0.00039
CVE-2025-31454,0.00039
CVE-2025-31455,0.00039
CVE-2025-31456,0.00017
CVE-2025-31457,0.00018
CVE-2025-31458,0.00017
CVE-2025-31459,0.00017
CVE-2025-31460,0.00017
CVE-2025-31461,0.00039
CVE-2025-31462,0.00039
CVE-2025-31463,0.00036
CVE-2025-31464,0.00036
CVE-2025-31465,0.00039
CVE-2025-31466,0.00038
CVE-2025-31467,0.00039
CVE-2025-31468,0.00039
CVE-2025-31469,0.0004
CVE-2025-31470,0.00036
CVE-2025-31471,0.00036
CVE-2025-31472,0.00036
CVE-2025-31473,0.00036
CVE-2025-31474,0.00017
CVE-2025-31475,0.00068
CVE-2025-31476,0.00036
CVE-2025-31477,0.00526
CVE-2025-31479,0.00048
CVE-2025-31480,0.00056
CVE-2025-31481,0.00045
CVE-2025-31483,0.0006
CVE-2025-31484,0.00059
CVE-2025-31485,0.00044
CVE-2025-31486,0.00032
CVE-2025-31487,0.00036
CVE-2025-31488,0.00038
CVE-2025-31489,0.01598
CVE-2025-31490,0.00042
CVE-2025-31491,0.00041
CVE-2025-31492,0.00571
CVE-2025-31494,0.00027
CVE-2025-31496,0.00052
CVE-2025-31497,0.00066
CVE-2025-31498,0.00135
CVE-2025-31499,0.00141
CVE-2025-31524,0.00044
CVE-2025-31525,0.00034
CVE-2025-31526,0.00038
CVE-2025-31527,0.00032
CVE-2025-31528,0.00034
CVE-2025-31529,0.00034
CVE-2025-31530,0.00034
CVE-2025-31531,0.00043
CVE-2025-31532,0.00039
CVE-2025-31533,0.00057
CVE-2025-31534,0.00043
CVE-2025-31535,0.00039
CVE-2025-31536,0.00039
CVE-2025-31537,0.00039
CVE-2025-31538,0.00039
CVE-2025-31539,0.00036
CVE-2025-31540,0.00032
CVE-2025-31541,0.00034
CVE-2025-31542,0.00038
CVE-2025-31543,0.00039
CVE-2025-31544,0.00032
CVE-2025-31545,0.00046
CVE-2025-31546,0.00046
CVE-2025-31547,0.00038
CVE-2025-31548,0.00039
CVE-2025-31549,0.00039
CVE-2025-31550,0.00039
CVE-2025-31551,0.00043
CVE-2025-31552,0.00043
CVE-2025-31553,0.00043
CVE-2025-31554,0.00062
CVE-2025-31555,0.00046
CVE-2025-31556,0.00039
CVE-2025-31557,0.00039
CVE-2025-31558,0.00039
CVE-2025-31559,0.00039
CVE-2025-31560,0.00052
CVE-2025-31561,0.00038
CVE-2025-31562,0.00039
CVE-2025-31563,0.00039
CVE-2025-31564,0.00038
CVE-2025-31565,0.00039
CVE-2025-31566,0.00017
CVE-2025-31567,0.00039
CVE-2025-31568,0.00039
CVE-2025-31569,0.00017
CVE-2025-31570,0.00017
CVE-2025-31571,0.00039
CVE-2025-31572,0.00017
CVE-2025-31573,0.00039
CVE-2025-31574,0.00039
CVE-2025-31575,0.00036
CVE-2025-31576,0.00034
CVE-2025-31577,0.00049
CVE-2025-31578,0.00039
CVE-2025-31579,0.00043
CVE-2025-31580,0.0004
CVE-2025-31581,0.00038
CVE-2025-31582,0.00039
CVE-2025-31583,0.00017
CVE-2025-31584,0.00046
CVE-2025-31585,0.00017
CVE-2025-31586,0.00039
CVE-2025-31587,0.00036
CVE-2025-31588,0.00018
CVE-2025-31589,0.00039
CVE-2025-31590,0.00039
CVE-2025-31591,0.00036
CVE-2025-31592,0.00039
CVE-2025-31593,0.00039
CVE-2025-31594,0.00039
CVE-2025-31595,0.00039
CVE-2025-31596,0.00034
CVE-2025-31597,0.00039
CVE-2025-31598,0.00039
CVE-2025-31599,0.00039
CVE-2025-31600,0.00017
CVE-2025-31601,0.00025
CVE-2025-31602,0.00017
CVE-2025-31603,0.00046
CVE-2025-31604,0.00039
CVE-2025-31605,0.00036
CVE-2025-31606,0.00038
CVE-2025-31607,0.00039
CVE-2025-31608,0.00039
CVE-2025-31609,0.00032
CVE-2025-31610,0.00036
CVE-2025-31611,0.00034
CVE-2025-31612,0.00058
CVE-2025-31613,0.00017
CVE-2025-31614,0.00039
CVE-2025-31615,0.00039
CVE-2025-31616,0.00017
CVE-2025-31617,0.00017
CVE-2025-31618,0.0004
CVE-2025-31619,0.00038
CVE-2025-31620,0.00039
CVE-2025-31621,0.00039
CVE-2025-31622,0.00039
CVE-2025-31623,0.00017
CVE-2025-31624,0.00039
CVE-2025-31625,0.00039
CVE-2025-31626,0.00039
CVE-2025-31627,0.00036
CVE-2025-31628,0.0004
CVE-2025-31629,0.00039
CVE-2025-31654,0.00037
CVE-2025-31672,0.00047
CVE-2025-31673,0.00029
CVE-2025-31674,0.00223
CVE-2025-31675,0.00038
CVE-2025-31676,0.00061
CVE-2025-31677,0.00021
CVE-2025-31678,0.00056
CVE-2025-31679,0.00038
CVE-2025-31680,0.00018
CVE-2025-31681,0.00059
CVE-2025-31682,0.00038
CVE-2025-31683,0.00018
CVE-2025-31684,0.00018
CVE-2025-31685,0.00055
CVE-2025-31686,0.00059
CVE-2025-31687,0.00038
CVE-2025-31688,0.00018
CVE-2025-31689,0.00018
CVE-2025-31690,0.00021
CVE-2025-31691,0.00059
CVE-2025-31692,0.00191
CVE-2025-31693,0.00234
CVE-2025-31694,0.00069
CVE-2025-31695,0.00038
CVE-2025-31696,0.00038
CVE-2025-31697,0.00038
CVE-2025-31720,0.00032
CVE-2025-31721,0.00032
CVE-2025-31722,0.00844
CVE-2025-31723,0.00026
CVE-2025-31724,0.00126
CVE-2025-31725,0.00035
CVE-2025-31726,0.00035
CVE-2025-31727,0.00035
CVE-2025-31728,0.00029
CVE-2025-31729,0.00054
CVE-2025-31730,0.00039
CVE-2025-31731,0.00039
CVE-2025-31732,0.00034
CVE-2025-31733,0.00039
CVE-2025-31734,0.00039
CVE-2025-31735,0.00039
CVE-2025-31736,0.00054
CVE-2025-31737,0.00039
CVE-2025-31738,0.00039
CVE-2025-31739,0.00046
CVE-2025-31740,0.00039
CVE-2025-31741,0.00039
CVE-2025-31742,0.00036
CVE-2025-31743,0.00039
CVE-2025-31744,0.00039
CVE-2025-31745,0.00039
CVE-2025-31746,0.00046
CVE-2025-31747,0.00039
CVE-2025-31748,0.00039
CVE-2025-31749,0.00039
CVE-2025-31750,0.00036
CVE-2025-31751,0.00025
CVE-2025-31752,0.00034
CVE-2025-31753,0.00017
CVE-2025-31754,0.00039
CVE-2025-31755,0.00034
CVE-2025-31756,0.00017
CVE-2025-31757,0.00046
CVE-2025-31758,0.00047
CVE-2025-31759,0.00039
CVE-2025-31760,0.00039
CVE-2025-31761,0.00039
CVE-2025-31762,0.00039
CVE-2025-31763,0.00017
CVE-2025-31764,0.00036
CVE-2025-31765,0.0004
CVE-2025-31766,0.00039
CVE-2025-31767,0.00039
CVE-2025-31768,0.00054
CVE-2025-31769,0.00017
CVE-2025-31770,0.00039
CVE-2025-31771,0.00039
CVE-2025-31772,0.00036
CVE-2025-31773,0.00057
CVE-2025-31774,0.0004
CVE-2025-31775,0.00017
CVE-2025-31776,0.00017
CVE-2025-31777,0.0004
CVE-2025-31778,0.00039
CVE-2025-31779,0.00018
CVE-2025-31780,0.00054
CVE-2025-31781,0.00034
CVE-2025-31782,0.00046
CVE-2025-31783,0.00039
CVE-2025-31784,0.00017
CVE-2025-31785,0.00018
CVE-2025-31786,0.0004
CVE-2025-31787,0.00032
CVE-2025-31788,0.00039
CVE-2025-31789,0.00034
CVE-2025-31790,0.00039
CVE-2025-31791,0.00046
CVE-2025-31792,0.00036
CVE-2025-31793,0.00036
CVE-2025-31794,0.00046
CVE-2025-31795,0.00054
CVE-2025-31796,0.00038
CVE-2025-31797,0.00039
CVE-2025-31798,0.00034
CVE-2025-31799,0.00034
CVE-2025-31800,0.00055
CVE-2025-31801,0.00039
CVE-2025-31802,0.00046
CVE-2025-31803,0.00039
CVE-2025-31804,0.00039
CVE-2025-31805,0.00039
CVE-2025-31806,0.00036
CVE-2025-31807,0.00017
CVE-2025-31808,0.00017
CVE-2025-31809,0.00017
CVE-2025-31810,0.0004
CVE-2025-31811,0.00039
CVE-2025-31812,0.00039
CVE-2025-31813,0.00039
CVE-2025-31814,0.00017
CVE-2025-31815,0.00039
CVE-2025-31816,0.00046
CVE-2025-31817,0.00039
CVE-2025-31818,0.00039
CVE-2025-31819,0.00039
CVE-2025-31820,0.00034
CVE-2025-31821,0.00033
CVE-2025-31822,0.00057
CVE-2025-31823,0.00039
CVE-2025-31824,0.00038
CVE-2025-31825,0.00057
CVE-2025-31826,0.00046
CVE-2025-31827,0.00057
CVE-2025-31828,0.00017
CVE-2025-31829,0.00039
CVE-2025-31830,0.00046
CVE-2025-31831,0.00034
CVE-2025-31832,0.00039
CVE-2025-31833,0.00035
CVE-2025-31834,0.0004
CVE-2025-31835,0.00039
CVE-2025-31836,0.0004
CVE-2025-31837,0.00036
CVE-2025-31838,0.00039
CVE-2025-31839,0.00017
CVE-2025-31840,0.00017
CVE-2025-31841,0.00044
CVE-2025-31842,0.00039
CVE-2025-31843,0.00034
CVE-2025-31844,0.00039
CVE-2025-31845,0.00017
CVE-2025-31846,0.00034
CVE-2025-31847,0.00039
CVE-2025-31848,0.0004
CVE-2025-31849,0.00039
CVE-2025-31850,0.00039
CVE-2025-31851,0.00039
CVE-2025-31852,0.00017
CVE-2025-31853,0.00036
CVE-2025-31854,0.00046
CVE-2025-31855,0.00039
CVE-2025-31856,0.00032
CVE-2025-31857,0.00039
CVE-2025-31858,0.00054
CVE-2025-31859,0.00018
CVE-2025-31860,0.00039
CVE-2025-31861,0.00039
CVE-2025-31862,0.0004
CVE-2025-31863,0.0004
CVE-2025-31864,0.00036
CVE-2025-31865,0.00034
CVE-2025-31866,0.00046
CVE-2025-31867,0.00046
CVE-2025-31868,0.0004
CVE-2025-31869,0.00039
CVE-2025-31870,0.00046
CVE-2025-31871,0.00033
CVE-2025-31872,0.0004
CVE-2025-31873,0.00039
CVE-2025-31874,0.00039
CVE-2025-31875,0.00039
CVE-2025-31876,0.0004
CVE-2025-31877,0.00034
CVE-2025-31878,0.00046
CVE-2025-31879,0.00046
CVE-2025-31880,0.00017
CVE-2025-31881,0.00046
CVE-2025-31882,0.00032
CVE-2025-31883,0.00036
CVE-2025-31884,0.00039
CVE-2025-31885,0.00039
CVE-2025-31886,0.00034
CVE-2025-31887,0.00034
CVE-2025-31888,0.00017
CVE-2025-31889,0.00039
CVE-2025-31890,0.00039
CVE-2025-31891,0.00039
CVE-2025-31892,0.00039
CVE-2025-31893,0.00039
CVE-2025-31894,0.00039
CVE-2025-31895,0.00039
CVE-2025-31896,0.00047
CVE-2025-31897,0.00039
CVE-2025-31898,0.00039
CVE-2025-31899,0.00039
CVE-2025-31900,0.00039
CVE-2025-31901,0.00039
CVE-2025-31902,0.00039
CVE-2025-31903,0.00039
CVE-2025-31904,0.00017
CVE-2025-31905,0.00039
CVE-2025-31906,0.00017
CVE-2025-31907,0.00039
CVE-2025-31908,0.00017
CVE-2025-31909,0.00059
CVE-2025-31910,0.00039
CVE-2025-31911,0.00043
CVE-2025-31932,0.00063
CVE-2025-31933,0.00051
CVE-2025-31935,0.00018
CVE-2025-31941,0.00051
CVE-2025-31945,0.00051
CVE-2025-31949,0.00037
CVE-2025-31950,0.00051
CVE-2025-32012,0.00092
CVE-2025-32013,0.00041
CVE-2025-32014,0.0006
CVE-2025-32016,9e-05
CVE-2025-32017,0.00062
CVE-2025-32018,0.00034
CVE-2025-32020,0.0004
CVE-2025-32021,0.00043
CVE-2025-32024,0.00019
CVE-2025-32025,0.00019
CVE-2025-32026,0.00019
CVE-2025-32027,0.00031
CVE-2025-32028,0.00047
CVE-2025-32029,0.00019
CVE-2025-32030,0.00049
CVE-2025-32031,0.00049
CVE-2025-32032,0.00049
CVE-2025-32033,0.0005
CVE-2025-32034,0.00049
CVE-2025-32035,0.00015
CVE-2025-32036,0.00029
CVE-2025-32049,0.00085
CVE-2025-32050,0.00076
CVE-2025-32051,0.00057
CVE-2025-32052,0.00067
CVE-2025-32053,0.00067
CVE-2025-32054,1e-05
CVE-2025-32067,0.001
CVE-2025-32068,0.00107
CVE-2025-32069,0.001
CVE-2025-32070,0.001
CVE-2025-32071,0.001
CVE-2025-32072,0.00055
CVE-2025-32073,0.001
CVE-2025-32074,0.00055
CVE-2025-32075,0.001
CVE-2025-32076,0.001
CVE-2025-32077,0.001
CVE-2025-32078,0.00055
CVE-2025-32079,0.001
CVE-2025-32080,0.00052
CVE-2025-32093,0.00041
CVE-2025-32102,0.00028
CVE-2025-32103,0.00081
CVE-2025-32107,0.00774
CVE-2025-32111,0.0004
CVE-2025-32112,0.00017
CVE-2025-32113,0.00017
CVE-2025-32114,0.00036
CVE-2025-32115,0.00036
CVE-2025-32116,0.00036
CVE-2025-32117,0.00036
CVE-2025-32118,0.00056
CVE-2025-32119,0.00032
CVE-2025-32120,0.00039
CVE-2025-32121,0.00039
CVE-2025-32122,0.00039
CVE-2025-32124,0.00039
CVE-2025-32125,0.00039
CVE-2025-32126,0.00039
CVE-2025-32127,0.00039
CVE-2025-32128,0.00036
CVE-2025-32129,0.00036
CVE-2025-32130,0.00036
CVE-2025-32131,0.00036
CVE-2025-32132,0.00036
CVE-2025-32133,0.00036
CVE-2025-32134,0.00036
CVE-2025-32135,0.00036
CVE-2025-32136,0.00036
CVE-2025-32137,0.00057
CVE-2025-32138,0.00066
CVE-2025-32139,0.00033
CVE-2025-32140,0.00047
CVE-2025-32141,0.00147
CVE-2025-32142,0.00147
CVE-2025-32143,0.00054
CVE-2025-32144,0.00054
CVE-2025-32145,0.00054
CVE-2025-32146,0.00147
CVE-2025-32147,0.0005
CVE-2025-32148,0.00038
CVE-2025-32149,0.00038
CVE-2025-32150,0.00147
CVE-2025-32151,0.00147
CVE-2025-32152,0.00147
CVE-2025-32153,0.00147
CVE-2025-32154,0.00147
CVE-2025-32155,0.00147
CVE-2025-32156,0.00147
CVE-2025-32157,0.00147
CVE-2025-32158,0.00127
CVE-2025-32159,0.00147
CVE-2025-32160,0.00127
CVE-2025-32161,0.00039
CVE-2025-32162,0.00039
CVE-2025-32163,0.00039
CVE-2025-32164,0.00034
CVE-2025-32165,0.00039
CVE-2025-32166,0.00039
CVE-2025-32167,0.00039
CVE-2025-32168,0.00039
CVE-2025-32169,0.00039
CVE-2025-32170,0.00039
CVE-2025-32171,0.00039
CVE-2025-32172,0.00039
CVE-2025-32173,0.00039
CVE-2025-32174,0.00039
CVE-2025-32175,0.00039
CVE-2025-32176,0.00039
CVE-2025-32177,0.00039
CVE-2025-32178,0.00046
CVE-2025-32179,0.00039
CVE-2025-32181,0.00039
CVE-2025-32182,0.00039
CVE-2025-32183,0.00039
CVE-2025-32184,0.00039
CVE-2025-32185,0.00039
CVE-2025-32186,0.00039
CVE-2025-32187,0.00039
CVE-2025-32188,0.00039
CVE-2025-32189,0.00039
CVE-2025-32190,0.00039
CVE-2025-32191,0.00039
CVE-2025-32192,0.00039
CVE-2025-32193,0.00039
CVE-2025-32194,0.00039
CVE-2025-32195,0.00039
CVE-2025-32196,0.00039
CVE-2025-32197,0.00039
CVE-2025-32198,0.00034
CVE-2025-32199,0.00034
CVE-2025-32200,0.00048
CVE-2025-32201,0.00032
CVE-2025-32202,0.00051
CVE-2025-32203,0.00039
CVE-2025-32204,0.00039
CVE-2025-32205,0.00046
CVE-2025-32206,0.00051
CVE-2025-32207,0.00039
CVE-2025-32208,0.00041
CVE-2025-32209,0.00048
CVE-2025-32210,0.00029
CVE-2025-32211,0.00034
CVE-2025-32212,0.00029
CVE-2025-32213,0.00032
CVE-2025-32214,0.00034
CVE-2025-32215,0.00032
CVE-2025-32216,0.0004
CVE-2025-32217,0.00046
CVE-2025-32218,0.00046
CVE-2025-32219,0.00046
CVE-2025-32220,0.0005
CVE-2025-32221,0.0004
CVE-2025-32224,0.00046
CVE-2025-32225,0.0004
CVE-2025-32226,0.00034
CVE-2025-32227,0.00041
CVE-2025-32228,0.0003
CVE-2025-32229,0.00034
CVE-2025-32230,0.00034
CVE-2025-32231,0.00034
CVE-2025-32232,0.00034
CVE-2025-32233,0.00034
CVE-2025-32234,0.00034
CVE-2025-32235,0.00034
CVE-2025-32236,0.00029
CVE-2025-32237,0.00034
CVE-2025-32238,0.00035
CVE-2025-32239,0.00034
CVE-2025-32240,0.0005
CVE-2025-32241,0.00025
CVE-2025-32242,0.0005
CVE-2025-32243,0.0005
CVE-2025-32244,0.0005
CVE-2025-32246,0.00046
CVE-2025-32247,0.00018
CVE-2025-32248,0.00018
CVE-2025-32249,0.00018
CVE-2025-32250,0.00018
CVE-2025-32251,0.00039
CVE-2025-32252,0.0004
CVE-2025-32253,0.00057
CVE-2025-32254,0.0004
CVE-2025-32255,0.00039
CVE-2025-32256,0.00057
CVE-2025-32257,0.00039
CVE-2025-32258,0.0004
CVE-2025-32259,0.00037
CVE-2025-32260,0.00037
CVE-2025-32261,0.00017
CVE-2025-32262,0.00017
CVE-2025-32263,0.00017
CVE-2025-32264,0.00017
CVE-2025-32265,0.00017
CVE-2025-32266,0.00017
CVE-2025-32267,0.00017
CVE-2025-32268,0.00017
CVE-2025-32269,0.00017
CVE-2025-32270,0.00017
CVE-2025-32271,0.00017
CVE-2025-32272,0.00017
CVE-2025-32273,0.00017
CVE-2025-32274,0.00017
CVE-2025-32275,0.00046
CVE-2025-32276,0.00017
CVE-2025-32277,0.00034
CVE-2025-32278,0.00017
CVE-2025-32279,0.0003
CVE-2025-32280,0.00019
CVE-2025-32282,0.00016
CVE-2025-32352,0.00071
CVE-2025-32357,0.00028
CVE-2025-32358,0.00039
CVE-2025-32359,0.00048
CVE-2025-32360,0.0004
CVE-2025-32364,0.00019
CVE-2025-32365,0.00019
CVE-2025-32366,0.00064
CVE-2025-32367,0.00042
CVE-2025-32369,0.00034
CVE-2025-32370,0.00067
CVE-2025-32371,0.00027
CVE-2025-32372,0.00077
CVE-2025-32373,0.00032
CVE-2025-32374,0.00052
CVE-2025-32375,0.3696
CVE-2025-32378,0.00055
CVE-2025-32379,0.00036
CVE-2025-32380,0.00049
CVE-2025-32381,0.00042
CVE-2025-32382,0.00051
CVE-2025-32383,0.00033
CVE-2025-32385,0.00034
CVE-2025-32386,0.00037
CVE-2025-32387,0.00037
CVE-2025-32388,0.00031
CVE-2025-32391,0.00033
CVE-2025-32395,0.00055
CVE-2025-32406,0.00057
CVE-2025-32409,0.01326
CVE-2025-32413,0.00032
CVE-2025-32414,0.00033
CVE-2025-32426,0.00029
CVE-2025-32427,0.00062
CVE-2025-32428,0.00024
CVE-2025-32435,0.00031
CVE-2025-32438,0.00013
CVE-2025-32439,0.00044
CVE-2025-32445,0.00047
CVE-2025-32460,0.00022
CVE-2025-32461,0.00079
CVE-2025-32464,0.00356
CVE-2025-32476,0.00015
CVE-2025-32477,0.00015
CVE-2025-32478,0.00015
CVE-2025-32479,0.00015
CVE-2025-32480,0.00015
CVE-2025-32481,0.00015
CVE-2025-32482,0.00015
CVE-2025-32483,0.00033
CVE-2025-32484,0.00015
CVE-2025-32485,0.00016
CVE-2025-32487,0.00028
CVE-2025-32488,0.00033
CVE-2025-32489,0.00033
CVE-2025-32491,0.00054
CVE-2025-32492,0.00033
CVE-2025-32493,0.00033
CVE-2025-32494,0.00016
CVE-2025-32495,0.00034
CVE-2025-32496,0.00019
CVE-2025-32497,0.00015
CVE-2025-32498,0.00015
CVE-2025-32499,0.00047
CVE-2025-32500,0.00015
CVE-2025-32501,0.00015
CVE-2025-32502,0.00015
CVE-2025-32503,0.00036
CVE-2025-32505,0.00015
CVE-2025-32509,0.00063
CVE-2025-32517,0.00036
CVE-2025-32518,0.00015
CVE-2025-32519,0.00151
CVE-2025-32523,0.00036
CVE-2025-32524,0.00036
CVE-2025-32525,0.00036
CVE-2025-32534,0.00036
CVE-2025-32536,0.00036
CVE-2025-32537,0.00036
CVE-2025-32538,0.00036
CVE-2025-32539,0.00036
CVE-2025-32541,0.00036
CVE-2025-32542,0.00044
CVE-2025-32543,0.00036
CVE-2025-32547,0.00017
CVE-2025-32550,0.00037
CVE-2025-32551,0.00036
CVE-2025-32553,0.00036
CVE-2025-32555,0.00015
CVE-2025-32556,0.00015
CVE-2025-32558,0.00033
CVE-2025-32559,0.00015
CVE-2025-32563,0.00015
CVE-2025-32565,0.00039
CVE-2025-32567,0.00033
CVE-2025-32568,0.00054
CVE-2025-32569,0.00054
CVE-2025-32570,0.00036
CVE-2025-32575,0.00015
CVE-2025-32576,0.00019
CVE-2025-32577,0.00151
CVE-2025-32579,0.00047
CVE-2025-32580,0.00036
CVE-2025-32581,0.00036
CVE-2025-32584,0.00015
CVE-2025-32585,0.00052
CVE-2025-32586,0.00036
CVE-2025-32587,0.00061
CVE-2025-32589,0.00151
CVE-2025-32591,0.00015
CVE-2025-32597,0.00015
CVE-2025-32598,0.00036
CVE-2025-32599,0.00036
CVE-2025-32600,0.00036
CVE-2025-32601,0.00036
CVE-2025-32603,0.00039
CVE-2025-32607,0.00054
CVE-2025-32610,0.00015
CVE-2025-32612,0.00015
CVE-2025-32614,0.00114
CVE-2025-32616,0.00015
CVE-2025-32617,0.00015
CVE-2025-32618,0.00033
CVE-2025-32619,0.00015
CVE-2025-32621,0.00015
CVE-2025-32623,0.00015
CVE-2025-32624,0.00033
CVE-2025-32627,0.00151
CVE-2025-32629,0.00063
CVE-2025-32631,0.00063
CVE-2025-32632,0.00036
CVE-2025-32633,0.00063
CVE-2025-32640,0.00033
CVE-2025-32641,0.00019
CVE-2025-32642,0.00025
CVE-2025-32644,0.00015
CVE-2025-32645,0.00015
CVE-2025-32650,0.00033
CVE-2025-32654,0.00151
CVE-2025-32656,0.00151
CVE-2025-32659,0.00015
CVE-2025-32661,0.00015
CVE-2025-32663,0.00151
CVE-2025-32664,0.00015
CVE-2025-32667,0.00015
CVE-2025-32668,0.00151
CVE-2025-32669,0.00015
CVE-2025-32671,0.00057
CVE-2025-32672,0.00151
CVE-2025-32673,0.00015
CVE-2025-32675,0.00034
CVE-2025-32676,0.00036
CVE-2025-32677,0.00036
CVE-2025-32678,0.00016
CVE-2025-32679,0.00016
CVE-2025-32680,0.00033
CVE-2025-32681,0.00033
CVE-2025-32683,0.00034
CVE-2025-32684,0.00028
CVE-2025-32685,0.00036
CVE-2025-32687,0.00033
CVE-2025-32690,0.00034
CVE-2025-32691,0.00028
CVE-2025-32692,0.00127
CVE-2025-32693,0.00031
CVE-2025-32694,0.00031
CVE-2025-32695,0.00054
CVE-2025-32696,0.00053
CVE-2025-32697,0.0005
CVE-2025-32698,0.00083
CVE-2025-32699,0.00093
CVE-2025-32700,0.00083
CVE-2025-32726,0.00045
CVE-2025-32728,0.00016
CVE-2025-32743,0.00089
CVE-2025-32754,0.00063
CVE-2025-32755,0.00063
CVE-2025-32776,0.00014
CVE-2025-32778,0.00618
CVE-2025-32779,0.0036
CVE-2025-32780,0.00014
CVE-2025-32782,0.00053
CVE-2025-32784,0.00046
CVE-2025-32807,0.00061
CVE-2025-32808,0.00041
CVE-2025-32809,0.00032
CVE-2025-32816,0.00032
CVE-2025-32906,0.00844
CVE-2025-32907,0.00055
CVE-2025-32908,0.00052
CVE-2025-32909,0.00051
CVE-2025-32910,0.00037
CVE-2025-32911,0.0011
CVE-2025-32912,0.00037
CVE-2025-32913,0.00091
CVE-2025-32914,0.00056
CVE-2025-32923,0.00036
CVE-2025-32929,0.00054
CVE-2025-32931,0.00054
CVE-2025-32943,0.00064
CVE-2025-32944,0.00044
CVE-2025-32945,0.00029
CVE-2025-32946,0.00037
CVE-2025-32947,0.00052
CVE-2025-32948,0.00052
CVE-2025-32949,0.00044
CVE-2025-32987,0.00015
CVE-2025-32993,0.00062
CVE-2025-32996,0.00051
CVE-2025-32997,0.00038
CVE-2025-33026,0.00037
CVE-2025-33027,0.00037
CVE-2025-33028,0.00037
CVE-2025-39512,0.00016
CVE-2025-39513,0.00052
CVE-2025-39514,0.00034
CVE-2025-39515,0.00034
CVE-2025-39516,0.00034
CVE-2025-39517,0.00016
CVE-2025-39518,0.00036
CVE-2025-39520,0.00034
CVE-2025-39522,0.0004
CVE-2025-39524,0.00034
CVE-2025-39525,0.00034
CVE-2025-39528,0.00034
CVE-2025-39529,0.00034
CVE-2025-39530,0.00015
CVE-2025-39531,0.00052
CVE-2025-39538,0.00045
CVE-2025-39540,0.00034
CVE-2025-39543,0.00034
CVE-2025-39544,0.00017
CVE-2025-39545,0.00046
CVE-2025-39546,0.00016
CVE-2025-39547,0.00015
CVE-2025-39548,0.00015
CVE-2025-39549,0.00034
CVE-2025-39552,0.00028
CVE-2025-39555,0.00034
CVE-2025-39556,0.00036
CVE-2025-39557,0.00051
CVE-2025-39560,0.0004
CVE-2025-39563,0.00017
CVE-2025-39564,0.00017
CVE-2025-39565,0.00058
CVE-2025-39566,0.00036
CVE-2025-39570,0.00127
CVE-2025-39571,0.00029
CVE-2025-39572,0.00034
CVE-2025-39573,0.00034
CVE-2025-39574,0.00034
CVE-2025-39575,0.00034
CVE-2025-39576,0.00034
CVE-2025-39577,0.00034
CVE-2025-39578,0.00034
CVE-2025-39579,0.00034
CVE-2025-39581,0.00034
CVE-2025-39582,0.00034
CVE-2025-39584,0.00127
CVE-2025-39585,0.00034
CVE-2025-39589,0.0003
CVE-2025-39590,0.00034
CVE-2025-39591,0.0004
CVE-2025-39592,0.00127
CVE-2025-39593,0.00016
CVE-2025-39597,0.00031
CVE-2025-39598,0.00052
CVE-2025-39599,0.00031
CVE-2025-39600,0.00016
CVE-2025-39601,0.00019
CVE-2025-39602,0.00029
CVE-2025-3000,0.00019
CVE-2025-3001,0.00019
CVE-2025-3002,0.0214
CVE-2025-3003,0.00034
CVE-2025-3004,0.00036
CVE-2025-3005,0.00036
CVE-2025-3006,0.00043
CVE-2025-3007,0.00035
CVE-2025-3008,0.03511
CVE-2025-3009,0.00034
CVE-2025-3010,0.00017
CVE-2025-3011,0.00116
CVE-2025-3013,0.0005
CVE-2025-3014,0.0005
CVE-2025-3015,0.00059
CVE-2025-3016,0.00071
CVE-2025-3017,0.00017
CVE-2025-3018,0.00031
CVE-2025-3019,0.00069
CVE-2025-3021,0.00066
CVE-2025-3022,0.00687
CVE-2025-3026,0.00067
CVE-2025-3027,0.00059
CVE-2025-3028,0.00119
CVE-2025-3029,0.00099
CVE-2025-3030,0.00077
CVE-2025-3031,0.00038
CVE-2025-3032,0.00041
CVE-2025-3033,0.00015
CVE-2025-3034,0.00057
CVE-2025-3035,0.00041
CVE-2025-3036,0.00032
CVE-2025-3037,0.00018
CVE-2025-3038,0.00036
CVE-2025-3039,0.00036
CVE-2025-3040,0.00043
CVE-2025-3041,0.00043
CVE-2025-3042,0.00043
CVE-2025-3043,0.00062
CVE-2025-3045,0.00034
CVE-2025-3047,0.00036
CVE-2025-3048,0.00035
CVE-2025-3051,0.00059
CVE-2025-3057,0.00035
CVE-2025-3059,0.00039
CVE-2025-3060,0.00056
CVE-2025-3061,0.00052
CVE-2025-3062,0.00052
CVE-2025-3063,0.0005
CVE-2025-3064,0.00019
CVE-2025-3066,0.00123
CVE-2025-3067,0.0009
CVE-2025-3068,0.00093
CVE-2025-3069,0.00094
CVE-2025-3070,0.0007
CVE-2025-3071,0.00018
CVE-2025-3072,0.00197
CVE-2025-3073,0.00197
CVE-2025-3074,0.00197
CVE-2025-3077,0.00032
CVE-2025-3082,0.00032
CVE-2025-3083,0.00057
CVE-2025-3084,0.00051
CVE-2025-3085,0.00036
CVE-2025-3086,0.0006
CVE-2025-3087,0.0006
CVE-2025-3096,0.00043
CVE-2025-3097,0.00048
CVE-2025-3098,0.00137
CVE-2025-3099,0.00015
CVE-2025-3100,0.00026
CVE-2025-3102,0.00483
CVE-2025-3104,0.0005
CVE-2025-3105,0.0005
CVE-2025-3114,0.00138
CVE-2025-3115,0.00083
CVE-2025-3118,0.00032
CVE-2025-3119,0.00032
CVE-2025-3120,0.00036
CVE-2025-3121,0.00019
CVE-2025-3122,0.00042
CVE-2025-3123,0.0006
CVE-2025-3129,0.00046
CVE-2025-3130,0.00035
CVE-2025-3131,0.00016
CVE-2025-3134,0.00036
CVE-2025-3135,0.00034
CVE-2025-3136,0.00019
CVE-2025-3137,0.00039
CVE-2025-3138,0.00039
CVE-2025-3139,0.00016
CVE-2025-3140,0.00032
CVE-2025-3141,0.00032
CVE-2025-3142,0.00036
CVE-2025-3143,0.00043
CVE-2025-3144,0.00019
CVE-2025-3145,0.00018
CVE-2025-3146,0.00043
CVE-2025-3147,0.00043
CVE-2025-3148,0.00018
CVE-2025-3149,0.00033
CVE-2025-3150,0.00017
CVE-2025-3151,0.00043
CVE-2025-3152,0.00034
CVE-2025-3153,0.00027
CVE-2025-3154,0.0002
CVE-2025-3155,0.00081
CVE-2025-3157,0.00031
CVE-2025-3158,0.00016
CVE-2025-3159,0.00017
CVE-2025-3160,0.00016
CVE-2025-3161,0.00092
CVE-2025-3162,0.00022
CVE-2025-3163,0.00033
CVE-2025-3164,0.00056
CVE-2025-3165,0.00021
CVE-2025-3166,0.00018
CVE-2025-3167,0.00071
CVE-2025-3168,0.00043
CVE-2025-3169,0.00046
CVE-2025-3170,0.0003
CVE-2025-3171,0.00043
CVE-2025-3172,0.0004
CVE-2025-3173,0.00037
CVE-2025-3174,0.00037
CVE-2025-3175,0.0004
CVE-2025-3176,0.0004
CVE-2025-3177,0.00044
CVE-2025-3178,0.00032
CVE-2025-3179,0.00032
CVE-2025-3180,0.00032
CVE-2025-3181,0.00037
CVE-2025-3182,0.00037
CVE-2025-3183,0.00037
CVE-2025-3184,0.00037
CVE-2025-3185,0.00037
CVE-2025-3186,0.00037
CVE-2025-3187,0.00032
CVE-2025-3188,0.00032
CVE-2025-3189,0.00062
CVE-2025-3191,0.00034
CVE-2025-3192,0.00043
CVE-2025-3194,0.00054
CVE-2025-3195,0.00039
CVE-2025-3196,0.00017
CVE-2025-3197,0.00057
CVE-2025-3198,0.00017
CVE-2025-3199,0.00063
CVE-2025-3202,0.00065
CVE-2025-3203,0.00069
CVE-2025-3204,0.00032
CVE-2025-3205,0.00036
CVE-2025-3206,0.00031
CVE-2025-3207,0.00031
CVE-2025-3208,0.00031
CVE-2025-3209,0.00036
CVE-2025-3210,0.00031
CVE-2025-3211,0.00036
CVE-2025-3213,0.00043
CVE-2025-3214,0.00049
CVE-2025-3215,0.00036
CVE-2025-3216,0.00048
CVE-2025-3217,0.00043
CVE-2025-3219,0.00034
CVE-2025-3220,0.00043
CVE-2025-3229,0.00039
CVE-2025-3231,0.00043
CVE-2025-3235,0.00036
CVE-2025-3236,0.00043
CVE-2025-3237,0.00043
CVE-2025-3238,0.00043
CVE-2025-3239,0.00043
CVE-2025-3240,0.00043
CVE-2025-3241,0.00064
CVE-2025-3242,0.00036
CVE-2025-3243,0.00036
CVE-2025-3244,0.00046
CVE-2025-3245,0.00032
CVE-2025-3247,0.00015
CVE-2025-3248,0.90923
CVE-2025-3249,0.05917
CVE-2025-3250,0.00045
CVE-2025-3251,0.00034
CVE-2025-3252,0.00031
CVE-2025-3253,0.00031
CVE-2025-3254,0.00043
CVE-2025-3255,0.00032
CVE-2025-3256,0.00043
CVE-2025-3257,0.00017
CVE-2025-3258,0.00043
CVE-2025-3259,0.00131
CVE-2025-3265,0.00032
CVE-2025-3266,0.00053
CVE-2025-3267,0.00038
CVE-2025-3268,0.00102
CVE-2025-3276,0.00032
CVE-2025-3277,0.00079
CVE-2025-3282,0.00037
CVE-2025-3285,0.00022
CVE-2025-3286,0.00022
CVE-2025-3287,0.00022
CVE-2025-3288,0.00022
CVE-2025-3289,0.00022
CVE-2025-3292,0.00026
CVE-2025-3296,0.00031
CVE-2025-3297,0.00041
CVE-2025-3298,0.0004
CVE-2025-3299,0.00031
CVE-2025-3303,0.00031
CVE-2025-3304,0.00036
CVE-2025-3305,0.00039
CVE-2025-3306,0.00032
CVE-2025-3307,0.00032
CVE-2025-3308,0.00032
CVE-2025-3309,0.00043
CVE-2025-3310,0.00043
CVE-2025-3311,0.00043
CVE-2025-3312,0.00039
CVE-2025-3313,0.00039
CVE-2025-3314,0.00043
CVE-2025-3315,0.00043
CVE-2025-3316,0.00039
CVE-2025-3317,0.00046
CVE-2025-3318,0.00025
CVE-2025-3323,0.00032
CVE-2025-3324,0.00042
CVE-2025-3325,0.00039
CVE-2025-3326,0.00041
CVE-2025-3327,0.00027
CVE-2025-3328,0.00088
CVE-2025-3329,9e-05
CVE-2025-3330,0.0003
CVE-2025-3331,0.0003
CVE-2025-3332,0.0003
CVE-2025-3333,0.00037
CVE-2025-3334,0.00037
CVE-2025-3335,0.00028
CVE-2025-3336,0.00028
CVE-2025-3337,0.00028
CVE-2025-3338,0.00037
CVE-2025-3339,0.00037
CVE-2025-3340,0.00037
CVE-2025-3341,0.00037
CVE-2025-3342,0.00037
CVE-2025-3343,0.00037
CVE-2025-3344,0.00037
CVE-2025-3345,0.00037
CVE-2025-3346,0.00048
CVE-2025-3347,0.00031
CVE-2025-3348,0.00031
CVE-2025-3349,0.00051
CVE-2025-3350,0.00039
CVE-2025-3351,0.00039
CVE-2025-3352,0.00039
CVE-2025-3353,0.0003
CVE-2025-3359,0.00017
CVE-2025-3360,0.00083
CVE-2025-3361,0.00617
CVE-2025-3362,0.00617
CVE-2025-3363,0.00617
CVE-2025-3364,0.00016
CVE-2025-3369,0.00029
CVE-2025-3370,0.00039
CVE-2025-3371,0.00051
CVE-2025-3372,0.00051
CVE-2025-3373,0.00051
CVE-2025-3374,0.00051
CVE-2025-3375,0.00051
CVE-2025-3376,0.00051
CVE-2025-3377,0.00051
CVE-2025-3378,0.00051
CVE-2025-3379,0.00051
CVE-2025-3380,0.00051
CVE-2025-3381,0.00056
CVE-2025-3382,0.00029
CVE-2025-3383,0.00035
CVE-2025-3384,0.0003
CVE-2025-3385,0.00029
CVE-2025-3386,0.00029
CVE-2025-3387,0.00028
CVE-2025-3388,0.00031
CVE-2025-3389,0.00028
CVE-2025-3390,0.00028
CVE-2025-3391,0.00028
CVE-2025-3392,0.00028
CVE-2025-3393,0.00028
CVE-2025-3397,0.00033
CVE-2025-3398,0.00038
CVE-2025-3399,0.0003
CVE-2025-3400,0.0003
CVE-2025-3401,0.0003
CVE-2025-3402,0.00029
CVE-2025-3403,0.00035
CVE-2025-3405,0.00032
CVE-2025-3406,0.0003
CVE-2025-3407,0.00034
CVE-2025-3408,0.00034
CVE-2025-3409,0.00034
CVE-2025-3410,0.00038
CVE-2025-3411,0.00038
CVE-2025-3412,0.00038
CVE-2025-3413,0.00045
CVE-2025-3416,0.0007
CVE-2025-3417,0.00044
CVE-2025-3418,0.00044
CVE-2025-3421,0.0008
CVE-2025-3422,0.00048
CVE-2025-3423,0.00026
CVE-2025-3424,0.0006
CVE-2025-3425,0.00351
CVE-2025-3426,0.00018
CVE-2025-3427,0.00057
CVE-2025-3428,0.00057
CVE-2025-3429,0.00057
CVE-2025-3430,0.00057
CVE-2025-3431,0.00076
CVE-2025-3432,0.00032
CVE-2025-3433,0.00029
CVE-2025-3434,0.00123
CVE-2025-3436,0.00029
CVE-2025-3437,0.00028
CVE-2025-3439,0.00441
CVE-2025-3442,0.00015
CVE-2025-3445,0.0012
CVE-2025-3469,0.00093
CVE-2025-3470,0.00031
CVE-2025-3474,0.00045
CVE-2025-3475,0.00052
CVE-2025-3489,0.00033
CVE-2025-3495,0.00092
CVE-2025-3512,0.00019
CVE-2025-3522,0.00033
CVE-2025-3523,0.00035
CVE-2025-3531,0.00035
CVE-2025-3532,0.00033
CVE-2025-3533,0.00033
CVE-2025-3534,0.00029
CVE-2025-3535,0.00052
CVE-2025-3536,0.0005
CVE-2025-3537,0.00037
CVE-2025-3538,0.00034
CVE-2025-3539,0.01504
CVE-2025-3540,0.01504
CVE-2025-3541,0.01504
CVE-2025-3542,0.01504
CVE-2025-3543,0.01504
CVE-2025-3544,0.01591
CVE-2025-3545,0.01504
CVE-2025-3546,0.01504
CVE-2025-3547,0.00042
CVE-2025-3548,0.00014
CVE-2025-3549,0.00014
CVE-2025-3550,0.00028
CVE-2025-3551,0.0005
CVE-2025-3552,0.0005
CVE-2025-3553,0.00029
CVE-2025-3554,0.00033
CVE-2025-3555,0.0006
CVE-2025-3556,0.00056
CVE-2025-3557,0.00017
CVE-2025-3558,0.00038
CVE-2025-3559,0.00029
CVE-2025-3560,0.00029
CVE-2025-3561,0.00016
CVE-2025-3562,0.00044
CVE-2025-3563,0.00053
CVE-2025-3564,0.00028
CVE-2025-3565,0.00043
CVE-2025-3566,0.00032
CVE-2025-3567,0.00028
CVE-2025-3568,0.00031
CVE-2025-3569,0.00038
CVE-2025-3570,0.00029
CVE-2025-3571,0.00029
CVE-2025-3572,0.00044
CVE-2025-3573,0.00031
CVE-2025-3574,0.00054
CVE-2025-3575,0.00054
CVE-2025-3576,0.00012
CVE-2025-3578,0.00097
CVE-2025-3579,0.00102
CVE-2025-3585,0.00038
CVE-2025-3587,0.00038
CVE-2025-3588,0.00014
CVE-2025-3589,0.00031
CVE-2025-3590,0.00045
CVE-2025-3591,0.00029
CVE-2025-3592,0.00029
CVE-2025-3593,0.00038
CVE-2025-3608,0.00035
CVE-2025-3612,0.00033
CVE-2025-3613,0.00029
CVE-2025-3617,0.00012
CVE-2025-3618,0.00016
CVE-2025-3622,0.00046
CVE-2025-3663,0.00113
CVE-2025-3664,0.00126
CVE-2025-3665,0.00126
CVE-2025-3666,0.00113
CVE-2025-3667,0.00113
CVE-2025-3668,0.00113
CVE-2025-3674,0.00126
CVE-2025-3675,0.00113
CVE-2025-3676,0.00029
CVE-2025-3677,0.00018
CVE-2025-3678,0.00051
CVE-2025-3679,0.00051
CVE-2025-3680,0.00051
CVE-2025-3681,0.00051
CVE-2025-3682,0.00051
CVE-2025-3683,0.00051
CVE-2025-3684,0.00029
CVE-2025-3685,0.00031
CVE-2025-3686,0.00043
CVE-2025-3687,0.00016
CVE-2025-3688,0.0003
CVE-2025-3689,0.00039
CVE-2025-3690,0.00039
CVE-2025-3691,0.00091
CVE-2025-3692,0.00032
CVE-2025-3693,0.00048
CVE-2025-3698,0.00043
